Nome do Posto;Centro de Custo;Data de Abastecimento;Hora Abastecimento;Placa;Produto;Litros;Valor Litro;Valor Total
POSTO DE GASOLINA ALESSANDRA LTDA;Mario Lago;02/01/2025;07:09:11;SJE2C85;ORIGINAL GASOLINA;363,3;6,39;232,15
POSTO DE GASOLINA ALESSANDRA LTDA;Mario Lago;02/01/2025;09:01:15;RGA3G60;ORIGINAL GASOLINA;477,5;6,39;305,12
POSTO DE GASOLINA ALESSANDRA LTDA;Mario Lago;03/01/2025;06:54:47;ATF0816;ORIGINAL GASOLINA;406,9;6,39;260,01
ZANIN E VIEIRA LTDA;Manutençao Tres Lagoas;03/01/2025;15:49:32;;GASOLINA COMUM;88,389;6,19;547,13
POSTO DE GASOLINA ALESSANDRA LTDA;Mario Lago;06/01/2025;08:34:43;SJE2C85;ORIGINAL GASOLINA;363,7;6,39;232,4
POSTO DOS CAVALEIROS LTDA;Plataformas;07/01/2025;19:01:02;;GASOLINA COMUM;353;6,49;229,1
POSTO DE GASOLINA ALESSANDRA LTDA;Mario Lago;08/01/2025;06:53:59;ATF0816;ORIGINAL GASOLINA;382,1;6,39;244,16
POSTO DE GASOLINA ALESSANDRA LTDA;Mario Lago;09/01/2025;12:05:58;PTA;ORIGINAL DIESEL B S-500;843,1;6,34;534,53
POSTO DE GASOLINA ALESSANDRA LTDA;Mario Lago;09/01/2025;12:07:03;SJE2C85;ORIGINAL GASOLINA;270,1;6,39;172,59
POSTO DE GASOLINA ALESSANDRA LTDA;Mario Lago;10/01/2025;08:28:30;RGA3G60;ORIGINAL GASOLINA;434,9;6,39;277,9
POSTO DE GASOLINA ALESSANDRA LTDA;Mario Lago;10/01/2025;17:33:30;KPT1B37;ORIGINAL GASOLINA;156,49;6,39;100
POSTO DE GASOLINA ALESSANDRA LTDA;Mario Lago;11/01/2025;06:53:52;KZA8113;ORIGINAL ETANOL;149,25;4,69;70
POSTO DE GASOLINA ALESSANDRA LTDA;Mario Lago;11/01/2025;23:38:47;LRP6151;ORIGINAL GASOLINA;156,49;6,39;100
POSTO DE GASOLINA ALESSANDRA LTDA;Mario Lago;13/01/2025;17:28:33;ATF0816;ORIGINAL GASOLINA;376,3;6,39;240,46
POSTO DOS CAVALEIROS LTDA;Plataformas;13/01/2025;14:51:54;RMY5G19;GASOLINA COMUM;359,11;6,49;233,06
POSTO DE GASOLINA ALESSANDRA LTDA;Mario Lago;15/01/2025;12:27:23;SJE2C85;ORIGINAL GASOLINA;416,4;6,39;266,08
POSTO DE GASOLINA ALESSANDRA LTDA;Mario Lago;17/01/2025;06:54:28;ATF0816;ORIGINAL GASOLINA;331,4;6,39;211,76
POSTO DOS CAVALEIROS LTDA;Plataformas;17/01/2025;15:18:29;RMM5C81;GASOLINA COMUM;372,81;6,49;241,95
POSTO DOS CAVALEIROS LTDA;Plataformas;17/01/2025;13:14:18;;GASOLINA COMUM;435,7;6,49;282,77
POSTO DOS CAVALEIROS LTDA;Plataformas;17/01/2025;13:17:49;;GASOLINA COMUM;385,4;6,49;250,12
ZANIN E VIEIRA LTDA;Manutençao Tres Lagoas;17/01/2025;14:08:04;;GASOLINA COMUM;151,446;6,19;937,45
POSTO DE GASOLINA ALESSANDRA LTDA;Mario Lago;18/01/2025;07:26:28;LOV3273;ORIGINAL GASOLINA;156,49;6,39;100
POSTO DE GASOLINA ALESSANDRA LTDA;Mario Lago;18/01/2025;07:49:20;LLU6286;ORIGINAL GASOLINA;54,77;6,39;35
POSTO DE GASOLINA ALESSANDRA LTDA;Mario Lago;20/01/2025;12:14:28;RGA3G60;ORIGINAL GASOLINA;425,8;6,39;272,09
POSTO DE GASOLINA ALESSANDRA LTDA;Mario Lago;20/01/2025;14:22:08;SJE2C85;ORIGINAL GASOLINA;385,4;6,39;246,27
POSTO DOS CAVALEIROS LTDA;Plataformas;20/01/2025;17:49:46;RMY5G19;GASOLINA COMUM;344,61;6,49;223,65
POSTO DE GASOLINA ALESSANDRA LTDA;Mario Lago;21/01/2025;05:17:30;SJE2C85;ORIGINAL GASOLINA;121,9;6,39;77,89
POSTO DE GASOLINA ALESSANDRA LTDA;Mario Lago;22/01/2025;06:59:22;ATF0816;ORIGINAL GASOLINA;369,8;6,39;236,3
POSTO DE GASOLINA ALESSANDRA LTDA;Mario Lago;23/01/2025;15:47:31;GALAO;ORIGINAL DIESEL B S-500;550,1;6,34;348,76
POSTO DE GASOLINA ALESSANDRA LTDA;Mario Lago;23/01/2025;16:08:56;SJE2C85;ORIGINAL GASOLINA;258,8;6,39;165,37
POSTO DE GASOLINA ALESSANDRA LTDA;Mario Lago;24/01/2025;10:45:22;RGA3G60;ORIGINAL GASOLINA;393,1;6,39;251,19
POSTO DOS CAVALEIROS LTDA;Plataformas;24/01/2025;16:18:45;RMY5G19;GASOLINA COMUM;322,5;6,49;209,3
POSTO DE GASOLINA ALESSANDRA LTDA;Mario Lago;25/01/2025;07:29:24;KZA8113;ORIGINAL ETANOL;104,38;4,79;50
POSTO DE GASOLINA ALESSANDRA LTDA;Mario Lago;25/01/2025;07:37:20;LOV3273;ORIGINAL GASOLINA;156,49;6,39;100
POSTO DE GASOLINA ALESSANDRA LTDA;Mario Lago;25/01/2025;16:26:37;LQN4768;ORIGINAL GASOLINA;78,25;6,39;50
POSTO DE GASOLINA ALESSANDRA LTDA;Mario Lago;26/01/2025;13:39:50;SJE2C85;ORIGINAL GASOLINA;255,2;6,39;163,07
POSTO DE GASOLINA ALESSANDRA LTDA;Mario Lago;27/01/2025;09:21:19;RGA3G60;LUBRAX ATF TA LITRO;10;56;56
POSTO DOS CAVALEIROS LTDA;Plataformas;28/01/2025;07:49:54;RMY5G19;GASOLINA COMUM;371,61;6,49;241,17
POSTO DE GASOLINA ALESSANDRA LTDA;Mario Lago;29/01/2025;08:07:33;SJE2C85;ORIGINAL GASOLINA;358,7;6,49;232,8
POSTO DE GASOLINA ALESSANDRA LTDA;Mario Lago;30/01/2025;08:56:50;RGA3G60;ORIGINAL GASOLINA;392,8;6,49;254,93
POSTO DE GASOLINA ALESSANDRA LTDA;Mario Lago;31/01/2025;09:58:07;SKO4B46;ORIGINAL GASOLINA;320,9;6,49;208,26
POSTO DE GASOLINA ALESSANDRA LTDA;Mario Lago;31/01/2025;14:31:22;RKI6D04;ORIGINAL DIESEL B S-10;1392,76;6,44;896,94
POSTO DE GASOLINA ALESSANDRA LTDA;Mario Lago;01/02/2025;08:55:09;KZA8113;ORIGINAL GASOLINA;77,04;6,49;50
POSTO DE GASOLINA ALESSANDRA LTDA;Mario Lago;01/02/2025;12:52:10;SJE2C85;ORIGINAL GASOLINA;363,7;6,59;239,68
POSTO DOS CAVALEIROS LTDA;Plataformas;01/02/2025;07:03:58;RMM5C81;GASOLINA COMUM;430,4;6,59;283,63
POSTO DE GASOLINA ALESSANDRA LTDA;Mario Lago;03/02/2025;09:13:36;RGA3G60;ORIGINAL GASOLINA;303,5;6,59;200,01
POSTO DE GASOLINA ALESSANDRA LTDA;Mario Lago;03/02/2025;10:25:40;SJE2C85;ORIGINAL GASOLINA;194,4;6,59;128,11
POSTO DE GASOLINA ALESSANDRA LTDA;Mario Lago;04/02/2025;17:33:31;SJE2C85;ORIGINAL GASOLINA;216,3;6,59;142,54
POSTO DOS CAVALEIROS LTDA;Plataformas;04/02/2025;13:37:06;RMY5G19;GASOLINA COMUM;384,21;6,59;253,19
ZANIN E VIEIRA LTDA;Manutençao Tres Lagoas;04/02/2025;17:01:37;;GASOLINA COMUM;121,91;6,19;754,62
ZANIN E VIEIRA LTDA;Manutençao Tres Lagoas;04/02/2025;17:01:37;;GASOLINA COMUM;38,28;6,29;240,78
POSTO DE GASOLINA ALESSANDRA LTDA;Mario Lago;05/02/2025;05:16:52;KZA8113;ORIGINAL ETANOL;104,38;4,79;50
POSTO DE GASOLINA ALESSANDRA LTDA;Mario Lago;06/02/2025;07:04:17;SJE5C85;ORIGINAL GASOLINA;312;6,59;205,61
POSTO DE GASOLINA ALESSANDRA LTDA;Mario Lago;06/02/2025;17:24:46;KZA8113;ORIGINAL ETANOL;102,25;4,89;50
POSTO DE GASOLINA ALESSANDRA LTDA;Mario Lago;07/02/2025;07:25:02;RGA3G60;ORIGINAL GASOLINA;479;6,59;315,66
POSTO DE GASOLINA ALESSANDRA LTDA;Mario Lago;07/02/2025;07:54:11;SJE2C85;ORIGINAL GASOLINA;203,5;6,59;134,11
POSTO DOS CAVALEIROS LTDA;Plataformas;07/02/2025;14:57:51;RMY5G19;GASOLINA COMUM;220,11;6,59;145,05
POSTO DOS CAVALEIROS LTDA;Plataformas;07/02/2025;14:57:51;RMY5G19;OLEO PARA MOTOR LUBRAX VALORA 5W-30 SINTETICO 1 LITRO;30;51,99;155,97
POSTO DOS CAVALEIROS LTDA;Plataformas;07/02/2025;14:57:51;RMY5G19;FILTRO DE OLEO WEGA TM5;10;40;40
POSTO DE GASOLINA ALESSANDRA LTDA;Mario Lago;08/02/2025;07:42:39;ATF0816;ORIGINAL GASOLINA;445,4;6,59;293,52
POSTO DE GASOLINA ALESSANDRA LTDA;Mario Lago;08/02/2025;17:13:56;KYB0677;ORIGINAL GASOLINA;75,87;6,59;50
POSTO DE GASOLINA ALESSANDRA LTDA;Mario Lago;09/02/2025;11:21:04;KNR7I56;ORIGINAL GASOLINA;75,87;6,59;50
POSTO DE GASOLINA ALESSANDRA LTDA;Mario Lago;10/02/2025;14:55:02;RGA3G60;ORIGINAL GASOLINA;303,8;6,59;200,2
POSTO DE GASOLINA ALESSANDRA LTDA;Mario Lago;11/02/2025;14:15:59;SJE2C85;ORIGINAL GASOLINA;300;6,59;197,7
POSTO DE GASOLINA ALESSANDRA LTDA;Mario Lago;11/02/2025;19:30:42;SKP8D07;ORIGINAL DIESEL B S-10;698,8;6,74;470,99
POSTO DE GASOLINA ALESSANDRA LTDA;Mario Lago;12/02/2025;07:05:22;SJE2C85;ORIGINAL GASOLINA;331,2;6,59;218,26
POSTO DE GASOLINA ALESSANDRA LTDA;Mario Lago;12/02/2025;14:28:34;GALAO;ORIGINAL DIESEL B S-500;880;6,64;584,32
POSTO DE GASOLINA ALESSANDRA LTDA;Mario Lago;13/02/2025;16:33:30;SJE2C85;ORIGINAL GASOLINA;215,4;6,59;141,95
POSTO DE GASOLINA ALESSANDRA LTDA;Mario Lago;13/02/2025;16:36:46;GALAO;ORIGINAL DIESEL B S-500;440;6,64;292,16
POSTO DOS CAVALEIROS LTDA;Plataformas;13/02/2025;16:00:50;RMY5G19;GASOLINA COMUM;357,8;6,59;235,79
POSTO DE GASOLINA ALESSANDRA LTDA;Mario Lago;14/02/2025;07:01:45;SKO4B46;ORIGINAL GASOLINA;356,9;6,59;235,2
POSTO DE GASOLINA ALESSANDRA LTDA;Mario Lago;14/02/2025;14:18:26;RGA3G60;ORIGINAL GASOLINA;466,3;6,59;307,29
POSTO DE GASOLINA ALESSANDRA LTDA;Mario Lago;17/02/2025;06:48:25;ATF0816;ORIGINAL GASOLINA;422,3;6,59;278,3
POSTO PORTAL DE SUAPE LTDA;Tanques Suape - PE;17/02/2025;;RUO-6I97;GASOLINA COMUM;40,54;6,57;266,35
POSTO DE GASOLINA ALESSANDRA LTDA;Mario Lago;18/02/2025;17:25:47;RGA3G60;ORIGINAL GASOLINA;452,5;6,59;298,2
POSTO DOS CAVALEIROS LTDA;Plataformas;18/02/2025;13:29:33;RMM5C81;GASOLINA COMUM;355,21;6,59;234,08
ZANIN E VIEIRA LTDA;Manutençao Tres Lagoas;18/02/2025;16:21:10;;GASOLINA COMUM;250,199;6,39;1598,77
POSTO DE GASOLINA ALESSANDRA LTDA;Mario Lago;20/02/2025;04:45:57;SJE2C85;ORIGINAL GASOLINA;409;6,59;269,53
POSTO DOS CAVALEIROS LTDA;Plataformas;20/02/2025;10:26:09;RMY5G19;GASOLINA COMUM;381,6;6,59;251,47
POSTO DE GASOLINA ALESSANDRA LTDA;Mario Lago;21/02/2025;06:54:30;ATF0816;ORIGINAL GASOLINA;306,9;6,59;202,25
POSTO DE GASOLINA ALESSANDRA LTDA;Mario Lago;21/02/2025;16:38:18;KPT1B37;ORIGINAL GASOLINA;200;6,59;131,8
POSTO DE GASOLINA ALESSANDRA LTDA;Mario Lago;22/02/2025;13:06:15;SKO4B46;ORIGINAL GASOLINA;404,1;6,59;266,3
POSTO DE GASOLINA ALESSANDRA LTDA;Mario Lago;22/02/2025;15:34:24;RGA3G60;ORIGINAL GASOLINA;472;6,59;311,05
POSTO DE GASOLINA ALESSANDRA LTDA;Mario Lago;24/02/2025;15:16:05;SJE2C85;ORIGINAL GASOLINA;349,1;6,59;230,06
POSTO DE GASOLINA ALESSANDRA LTDA;Mario Lago;24/02/2025;17:10:56;SKO4B46;ORIGINAL GASOLINA;202,5;6,59;133,45
POSTO DOS CAVALEIROS LTDA;Plataformas;24/02/2025;12:20:41;RMY5G19;GASOLINA COMUM;173,6;6,59;114,4
POSTO DE GASOLINA ALESSANDRA LTDA;Mario Lago;26/02/2025;06:48:21;ATF0816;ORIGINAL GASOLINA;416,5;6,59;274,47
POSTO DE GASOLINA ALESSANDRA LTDA;Mario Lago;26/02/2025;12:08:50;RGA3G60;ORIGINAL GASOLINA;464,2;6,59;305,91
POSTO DOS CAVALEIROS LTDA;Plataformas;26/02/2025;08:13:11;RMY5G19;GASOLINA COMUM;351,81;6,59;231,84
POSTO PORTAL DE SUAPE LTDA;Tanques Suape - PE;26/02/2025;;RZY-6E44;GASOLINA COMUM;42,26;6,57;277,65
POSTO DE GASOLINA ALESSANDRA LTDA;Mario Lago;27/02/2025;09:55:30;SJE2C85;ORIGINAL GASOLINA;289,5;6,59;190,78
POSTO PORTAL DE SUAPE LTDA;Tanques Suape - PE;27/02/2025;;RUO-6I97;GASOLINA COMUM;34,39;6,57;225,94
POSTO DE GASOLINA ALESSANDRA LTDA;Mario Lago;28/02/2025;16:19:45;ATF0816;ORIGINAL GASOLINA;225,5;6,59;148,6
POSTO DOS CAVALEIROS LTDA;Plataformas;28/02/2025;13:58:12;RMY5G19;GASOLINA COMUM;368,5;6,59;242,84
POSTO DOS CAVALEIROS LTDA;Plataformas;28/02/2025;13:58:12;RMY5G19;GASOLINA COMUM;52,4;6,59;34,53
POSTO DE GASOLINA ALESSANDRA LTDA;Mario Lago;01/03/2025;10:30:35;RGA3G60;ORIGINAL GASOLINA;404,4;6,59;266,5
POSTO DE GASOLINA ALESSANDRA LTDA;Mario Lago;01/03/2025;17:36:44;SJE2D43;ORIGINAL GASOLINA;372,5;6,59;245,48
POSTO DE GASOLINA ALESSANDRA LTDA;Mario Lago;04/03/2025;17:17:40;SKO4B46;ORIGINAL GASOLINA;460;6,59;303,14
POSTO DE GASOLINA ALESSANDRA LTDA;Mario Lago;06/03/2025;04:37:43;SJE2D43;ORIGINAL GASOLINA;342,1;6,59;225,44
POSTO DE GASOLINA ALESSANDRA LTDA;Mario Lago;06/03/2025;07:08:30;RGA3G60;ORIGINAL GASOLINA;366,6;6,59;241,59
POSTO DOS CAVALEIROS LTDA;Plataformas;06/03/2025;11:22:51;RMM5C81;GASOLINA COMUM;398,61;6,59;262,68
ZANIN E VIEIRA LTDA;Manutençao Tres Lagoas;06/03/2025;15:36:27;;GASOLINA COMUM;194,089;6,39;1240,23
POSTO DE GASOLINA ALESSANDRA LTDA;Mario Lago;07/03/2025;16:21:07;ATF0816;ORIGINAL GASOLINA;387,3;6,59;255,23
POSTO DE GASOLINA ALESSANDRA LTDA;Mario Lago;08/03/2025;10:43:47;RGA3G60;ORIGINAL GASOLINA;279,1;6,59;183,93
POSTO DE GASOLINA ALESSANDRA LTDA;Mario Lago;09/03/2025;15:33:56;SKO4B46;ORIGINAL GASOLINA;283,9;6,59;187,09
POSTO DE GASOLINA ALESSANDRA LTDA;Mario Lago;10/03/2025;20:24:03;SJE2D43;ORIGINAL GASOLINA;387;6,59;255,03
POSTO DOS CAVALEIROS LTDA;Plataformas;10/03/2025;15:13:50;RMY5G19;GASOLINA COMUM;367,11;6,59;241,92
POSTO PORTAL DE SUAPE LTDA;Tanques Suape - PE;10/03/2025;;RUO-6I97;DIESEL S10;7;6,19;43,33
POSTO DE GASOLINA ALESSANDRA LTDA;Mario Lago;11/03/2025;07:07:02;SKP8D07;ORIGINAL DIESEL B S-10;640,7;6,74;431,83
POSTO DE GASOLINA ALESSANDRA LTDA;Mario Lago;11/03/2025;21:59:48;SKO4B46;ORIGINAL GASOLINA;410;6,59;270,19
POSTO DE GASOLINA ALESSANDRA LTDA;Mario Lago;11/03/2025;22:00:41;SJE2D43;ORIGINAL GASOLINA;75,9;6,59;50,02
POSTO DE GASOLINA ALESSANDRA LTDA;Mario Lago;12/03/2025;13:25:03;RGA3G60;ORIGINAL GASOLINA;373,8;6,59;246,33
POSTO DE GASOLINA ALESSANDRA LTDA;Mario Lago;12/03/2025;15:14:56;ATF0816;ORIGINAL GASOLINA;388,6;6,59;256,09
POSTO PORTAL DE SUAPE LTDA;Tanques Suape - PE;12/03/2025;;RUO-6I97;GASOLINA COMUM;40,15;6,54;262,58
POSTO DE GASOLINA ALESSANDRA LTDA;Mario Lago;13/03/2025;10:28:24;SKO4B46;ORIGINAL GASOLINA;425,7;6,59;280,54
POSTO PORTAL DE SUAPE LTDA;Tanques Suape - PE;13/03/2025;;RUO-6I97;DIESEL S10;39,01;6,19;241,47
POSTO DE GASOLINA ALESSANDRA LTDA;Mario Lago;14/03/2025;12:36:18;RJH2E08;ORIGINAL GASOLINA;151,75;6,59;100
POSTO DE GASOLINA ALESSANDRA LTDA;Mario Lago;14/03/2025;18:47:03;SJE2D43;ORIGINAL GASOLINA;380,1;6,59;250,49
POSTO DOS CAVALEIROS LTDA;Plataformas;14/03/2025;15:42:55;RMY5G19;GASOLINA COMUM;341,9;6,59;225,31
POSTO PORTAL DE SUAPE LTDA;Tanques Suape - PE;14/03/2025;;TCN-8EG4;GASOLINA COMUM;40;6,54;261,6
POSTO DE GASOLINA ALESSANDRA LTDA;Mario Lago;15/03/2025;12:22:36;RGA3G60;ORIGINAL GASOLINA;426,1;6,59;280,8
POSTO DE GASOLINA ALESSANDRA LTDA;Mario Lago;16/03/2025;08:19:19;MSL7D62;ORIGINAL GASOLINA;151,75;6,59;100
POSTO DE GASOLINA ALESSANDRA LTDA;Mario Lago;17/03/2025;09:37:35;PTA;ORIGINAL DIESEL B S-500;200;6,64;132,8
POSTO PORTAL DE SUAPE LTDA;Tanques Suape - PE;17/03/2025;;RUO-6I97;GASOLINA COMUM;39,619;6,54;259,11
POSTO DE GASOLINA ALESSANDRA LTDA;Mario Lago;18/03/2025;12:38:17;SJE2D43;ORIGINAL GASOLINA;377,8;6,59;248,97
POSTO DE GASOLINA ALESSANDRA LTDA;Mario Lago;18/03/2025;15:16:08;ATF0816;ORIGINAL GASOLINA;406,1;6,59;267,62
POSTO DOS CAVALEIROS LTDA;Plataformas;18/03/2025;14:25:48;RMM5C81;GASOLINA COMUM;390,11;6,59;257,08
POSTO PORTAL DE SUAPE LTDA;Tanques Suape - PE;18/03/2025;;RUO-6I97;DIESEL S10;100;6,19;619
POSTO PORTAL DE SUAPE LTDA;Tanques Suape - PE;18/03/2025;;TCN-8E04;GASOLINA COMUM;35,511;6,54;232,24
ZANIN E VIEIRA LTDA;Manutençao Tres Lagoas;18/03/2025;14:55:22;;HI TECH RAD ROSA 1L;1;13,5;13,5
ZANIN E VIEIRA LTDA;Manutençao Tres Lagoas;18/03/2025;14:55:22;;GASOLINA COMUM;289,941;6,39;1852,72
POSTO DE GASOLINA ALESSANDRA LTDA;Mario Lago;19/03/2025;07:13:36;RGA3G60;ORIGINAL GASOLINA;388,6;6,59;256,09
POSTO DE GASOLINA ALESSANDRA LTDA;Mario Lago;19/03/2025;09:15:56;SJE2D43;ORIGINAL GASOLINA;267,8;6,59;176,48
POSTO DOS CAVALEIROS LTDA;Plataformas;20/03/2025;11:25:30;RMY5G19;GASOLINA COMUM;385,5;6,59;254,04
POSTO DE GASOLINA ALESSANDRA LTDA;Mario Lago;21/03/2025;10:13:01;PTA;ORIGINAL DIESEL B S-500;904;6,64;600,26
POSTO DE GASOLINA ALESSANDRA LTDA;Mario Lago;21/03/2025;10:13:27;RGA3G60;ORIGINAL GASOLINA;247,3;6,59;162,97
POSTO DE GASOLINA ALESSANDRA LTDA;Mario Lago;21/03/2025;14:14:50;ATF0816;ORIGINAL GASOLINA;295,5;6,59;194,73
POSTO PORTAL DE SUAPE LTDA;Tanques Suape - PE;21/03/2025;;RUO-6I97;GASOLINA COMUM;40,489;6,5;263,18
POSTO PORTAL DE SUAPE LTDA;Tanques Suape - PE;21/03/2025;;TCN-8E04;GASOLINA COMUM;37,689;6,5;244,98
POSTO DE GASOLINA ALESSANDRA LTDA;Mario Lago;22/03/2025;11:18:18;SJE2D43;ORIGINAL GASOLINA;295,8;6,59;194,93
POSTO DE GASOLINA ALESSANDRA LTDA;Mario Lago;25/03/2025;06:46:05;SJE2D43;ORIGINAL GASOLINA;250,8;6,59;165,28
POSTO DE GASOLINA ALESSANDRA LTDA;Mario Lago;25/03/2025;07:15:00;RGA3G60;ORIGINAL GASOLINA;482,3;6,59;317,84
POSTO PORTAL DE SUAPE LTDA;Tanques Suape - PE;25/03/2025;;TCN-8E04;GASOLINA COMUM;43,9;6,5;285,35
POSTO DE GASOLINA ALESSANDRA LTDA;Mario Lago;26/03/2025;04:48:28;ATF0816;ORIGINAL GASOLINA;410,9;6,59;270,78
POSTO DE GASOLINA ALESSANDRA LTDA;Mario Lago;26/03/2025;10:27:58;SJE2D43;ORIGINAL GASOLINA;261,7;6,59;172,46
POSTO DOS CAVALEIROS LTDA;Plataformas;26/03/2025;11:01:48;RMY5G19;GASOLINA COMUM;368,31;6,59;242,71
POSTO PORTAL DE SUAPE LTDA;Tanques Suape - PE;26/03/2025;;RUO-6I97;DIESEL S10;111,35;6,17;687,03
POSTO DE GASOLINA AMIGAO ITABORAI LTDA;Limpeza Gaslub;26/03/2025;10:24:45;SKO4B46;GASOLINA COMUM;90,33;6,19;559,14
POSTO DE GASOLINA AMIGAO ITABORAI LTDA;Limpeza Gaslub;26/03/2025;16:32:15;SIG4B85;GASOLINA COMUM;20,05;6,19;124,11
POSTO DE GASOLINA AMIGAO ITABORAI LTDA;Limpeza Gaslub;26/03/2025;16:15:55;RNK6A40;GASOLINA COMUM;32,439;6,19;200,8
POSTO DE GASOLINA ALESSANDRA LTDA;Mario Lago;27/03/2025;11:42:05;RKI6D05;ORIGINAL DIESEL B S-10;1200,3;6,74;809
POSTO DE GASOLINA ALESSANDRA LTDA;Mario Lago;27/03/2025;11:42:42;RKI6D05;ARLA GRANEL;121,1;3,59;43,47
POSTO DE GASOLINA ALESSANDRA LTDA;Mario Lago;27/03/2025;14:19:02;RGA3G60;ORIGINAL GASOLINA;319,7;6,59;210,68
POSTO PORTAL DE SUAPE LTDA;Tanques Suape - PE;27/03/2025;;RUO-6I97;GASOLINA COMUM;42,519;6,47;275,1
POSTO DE GASOLINA AMIGAO ITABORAI LTDA;Limpeza Gaslub;27/03/2025;08:15:39;RVK0A51;GASOLINA SHELL V-POWER;40;6,19;247,6
POSTO DE GASOLINA ALESSANDRA LTDA;Mario Lago;28/03/2025;11:06:50;SJE2D43;ORIGINAL GASOLINA;296,1;6,59;195,13
POSTO DE GASOLINA ALESSANDRA LTDA;Mario Lago;28/03/2025;16:34:08;KPT1B37;ORIGINAL GASOLINA;150;6,59;98,85
POSTO PORTAL DE SUAPE LTDA;Tanques Suape - PE;28/03/2025;;TCN-8E04;GASOLINA COMUM;38,92;6,47;251,81
POSTO DE GASOLINA ALESSANDRA LTDA;Mario Lago;29/03/2025;05:13:19;OLW1A49;ORIGINAL GASOLINA;151,75;6,59;100
POSTO DE GASOLINA ALESSANDRA LTDA;Mario Lago;29/03/2025;06:33:34;KZA8113;ORIGINAL ETANOL;102,25;4,89;50
POSTO DE GASOLINA ALESSANDRA LTDA;Mario Lago;29/03/2025;10:11:37;ATF0816;ORIGINAL GASOLINA;288,6;6,59;190,19
POSTO DE GASOLINA ALESSANDRA LTDA;Mario Lago;29/03/2025;13:28:07;SJE2D43;ORIGINAL GASOLINA;340,1;6,59;224,13
POSTO DE GASOLINA AMIGAO ITABORAI LTDA;Limpeza Gaslub;29/03/2025;11:46:42;SKO4B46;GASOLINA COMUM;36,91;6,19;228,47
POSTO DE GASOLINA ALESSANDRA LTDA;Mario Lago;30/03/2025;06:39:24;RGA3G60;ORIGINAL GASOLINA;379,6;6,59;250,16
POSTO DE GASOLINA AMIGAO ITABORAI LTDA;Limpeza Gaslub;31/03/2025;14:18:35;SKP8D07;DIESEL S10 COMUM;78,049;6,29;490,93
POSTO DE GASOLINA AMIGAO ITABORAI LTDA;Limpeza Gaslub;31/03/2025;15:09:54;SKO4B46;GASOLINA COMUM;38,871;6,19;240,61
POSTO DE GASOLINA AMIGAO ITABORAI LTDA;Limpeza Gaslub;31/03/2025;10:53:22;RNK6A40;GASOLINA COMUM;25,3;6,19;156,61
POSTO DOS CAVALEIROS LTDA;Plataformas;01/04/2025;17:36:51;RMY5G19;GASOLINA COMUM;339,5;6,59;223,73
POSTO PORTAL DE SUAPE LTDA;Tanques Suape - PE;01/04/2025;;TCN-8E04;GASOLINA COMUM;41,4;6,47;267,86
POSTO DE GASOLINA AMIGAO ITABORAI LTDA;Limpeza Gaslub;01/04/2025;06:35:10;SIG4B85;GASOLINA COMUM;40,37;6,19;249,89
POSTO DE GASOLINA ALESSANDRA LTDA;Mario Lago;02/04/2025;07:15:29;SJE2D43;ORIGINAL GASOLINA;314,2;6,59;207,06
POSTO DOS CAVALEIROS LTDA;Plataformas;02/04/2025;17:33:54;RMM5C81;GASOLINA COMUM;417,41;6,59;275,07
POSTO PORTAL DE SUAPE LTDA;Tanques Suape - PE;02/04/2025;;RUO-6X97;GASOLINA COMUM;39,25;6,37;250,02
POSTO DE GASOLINA AMIGAO ITABORAI LTDA;Limpeza Gaslub;02/04/2025;13:11:58;RNK6A40;GASOLINA SHELL V-POWER;31,909;6,39;203,9
POSTO DE GASOLINA ALESSANDRA LTDA;Mario Lago;03/04/2025;12:38:08;GALAO;ORIGINAL DIESEL B S-500;451,8;6,64;300
POSTO DE GASOLINA ALESSANDRA LTDA;Mario Lago;03/04/2025;15:08:20;ATF0816;ORIGINAL GASOLINA;411,8;6,59;271,38
POSTO DE GASOLINA ALESSANDRA LTDA;Mario Lago;03/04/2025;16:15:36;RGA3G60;ORIGINAL GASOLINA;409,8;6,59;270,06
ZANIN E VIEIRA LTDA;Manutençao Tres Lagoas;03/04/2025;14:13:22;;GASOLINA COMUM;344,721;6,39;2202,77
POSTO DE GASOLINA AMIGAO ITABORAI LTDA;Limpeza Gaslub;03/04/2025;07:38:59;SKP8D07;GASOLINA COMUM;40;6,19;247,6
POSTO DE GASOLINA AMIGAO ITABORAI LTDA;Limpeza Gaslub;03/04/2025;06:51:09;RVK0A51;GASOLINA COMUM;38,241;6,19;236,71
POSTO DE GASOLINA ALESSANDRA LTDA;Mario Lago;04/04/2025;07:03:30;SJE2D43;ORIGINAL GASOLINA;240;6,59;158,16
POSTO PORTAL DE SUAPE LTDA;Tanques Suape - PE;04/04/2025;;RUO-6I97;DIESEL S10;139,01;6,08;845,18
POSTO PORTAL DE SUAPE LTDA;Tanques Suape - PE;04/04/2025;;TCN-8E04;GASOLINA COMUM;40,76;6,55;266,98
POSTO DE GASOLINA AMIGAO ITABORAI LTDA;Limpeza Gaslub;04/04/2025;06:47:25;SIG4B85;GASOLINA SHELL V-POWER;62,179;6,19;384,89
POSTO DE GASOLINA AMIGAO ITABORAI LTDA;Limpeza Gaslub;05/04/2025;15:06:32;RRD4F27;GASOLINA SHELL V-POWER;38,53;6,19;238,5
POSTO DE GASOLINA AMIGAO ITABORAI LTDA;Limpeza Gaslub;05/04/2025;07:00:48;RNK6A40;GASOLINA COMUM;28,969;6,19;179,32
POSTO DE GASOLINA AMIGAO ITABORAI LTDA;Limpeza Gaslub;05/04/2025;13:50:27;RVA2F74;GASOLINA SHELL V-POWER;38,54;6,19;238,56
POSTO DE GASOLINA AMIGAO ITABORAI LTDA;Limpeza Gaslub;05/04/2025;13:43:12;SKO4B46;GASOLINA SHELL V-POWER;21,17;6,19;131,04
POSTO DE GASOLINA AMIGAO ITABORAI LTDA;Limpeza Gaslub;05/04/2025;13:49:38;RVI6H54;GASOLINA SHELL V-POWER;39,871;6,19;246,8
POSTO DE GASOLINA ALESSANDRA LTDA;Mario Lago;06/04/2025;07:19:46;KNR7I56;ORIGINAL GASOLINA;75,87;6,59;50
POSTO DE GASOLINA ALESSANDRA LTDA;Mario Lago;06/04/2025;16:20:18;SJE2D43;ORIGINAL GASOLINA;242,8;6,59;160,01
POSTO DE GASOLINA ALESSANDRA LTDA;Mario Lago;07/04/2025;15:14:08;ATF0816;ORIGINAL GASOLINA;385,8;6,49;250,38
POSTO DE GASOLINA ALESSANDRA LTDA;Mario Lago;07/04/2025;17:35:43;RGA3G60;ORIGINAL GASOLINA;437,6;6,49;284
POSTO DOS CAVALEIROS LTDA;Plataformas;07/04/2025;17:46:43;RMY5G19;GASOLINA COMUM;345,21;6,59;227,49
POSTO PORTAL DE SUAPE LTDA;Tanques Suape - PE;07/04/2025;;RUO-6I97;GASOLINA COMUM;36,49;6,37;232,44
POSTO DE GASOLINA AMIGAO ITABORAI LTDA;Limpeza Gaslub;07/04/2025;14:04:49;SKP8D07;DIESEL S10 COMUM;76,9;6,09;468,32
POSTO DE GASOLINA AMIGAO ITABORAI LTDA;Limpeza Gaslub;07/04/2025;17:14:39;RVK0A51;GASOLINA SHELL V-POWER;33,351;6,19;206,44
POSTO DE GASOLINA AMIGAO ITABORAI LTDA;Limpeza Gaslub;07/04/2025;21:38:34;RRD4F27;GASOLINA COMUM;30,721;6,19;190,16
POSTO DE GASOLINA ALESSANDRA LTDA;Mario Lago;08/04/2025;04:39:44;SJE2D43;ORIGINAL GASOLINA;221,9;6,49;144,01
POSTO DE GASOLINA ALESSANDRA LTDA;Mario Lago;08/04/2025;17:32:23;SJE2D43;ORIGINAL GASOLINA;280,5;6,49;182,04
POSTO DE GASOLINA AMIGAO ITABORAI LTDA;Limpeza Gaslub;08/04/2025;09:57:38;SKO4B46;GASOLINA COMUM;34,931;6,19;216,22
POSTO DE GASOLINA AMIGAO ITABORAI LTDA;Limpeza Gaslub;08/04/2025;09:58:24;SKO4B46;GASOLINA COMUM;39,809;6,19;246,42
POSTO PORTAL DE SUAPE LTDA;Tanques Suape - PE;09/04/2025;;TCN-8E04;GASOLINA COMUM;42,06;6,37;267,92
POSTO DE GASOLINA AMIGAO ITABORAI LTDA;Limpeza Gaslub;09/04/2025;06:52:15;RNK6A40;GASOLINA SHELL V-POWER;26,15;6,19;161,87
POSTO DE GASOLINA ALESSANDRA LTDA;Mario Lago;10/04/2025;11:42:18;RGA3G60;ORIGINAL GASOLINA;474,6;6,49;308,02
POSTO DE GASOLINA ALESSANDRA LTDA;Mario Lago;10/04/2025;15:17:32;ATF0816;ORIGINAL GASOLINA;416,6;6,49;270,37
POSTO DE GASOLINA AMIGAO ITABORAI LTDA;Limpeza Gaslub;10/04/2025;17:56:37;SKO4B46;GASOLINA SHELL V-POWER;41,549;6,19;257,19
POSTO DOS CAVALEIROS LTDA;Plataformas;11/04/2025;16:37:08;RMY5G19;GASOLINA COMUM;282,1;6,59;185,9
POSTO PORTAL DE SUAPE LTDA;Tanques Suape - PE;11/04/2025;;RUO-6I97;DIESEL S10;176,02;6,08;1070,2
POSTO PORTAL DE SUAPE LTDA;Tanques Suape - PE;11/04/2025;;RUO-6I97;GASOLINA COMUM;40,98;6,37;261,04
POSTO DE GASOLINA AMIGAO ITABORAI LTDA;Limpeza Gaslub;11/04/2025;12:55:37;SKP8D07;DIESEL S10 COMUM;72,67;6,64;482,53
POSTO DE GASOLINA AMIGAO ITABORAI LTDA;Limpeza Gaslub;11/04/2025;13:03:35;SKP8D07;GASOLINA COMUM;38,52;6,19;238,44
POSTO DE GASOLINA AMIGAO ITABORAI LTDA;Limpeza Gaslub;11/04/2025;08:40:02;RVK0A51;GASOLINA SHELL V-POWER;31,451;6,19;194,68
POSTO DE GASOLINA ALESSANDRA LTDA;Mario Lago;12/04/2025;05:10:52;OLW1A49;ORIGINAL GASOLINA;77,04;6,49;50
POSTO DE GASOLINA ALESSANDRA LTDA;Mario Lago;12/04/2025;09:01:07;SJE2D43;ORIGINAL GASOLINA;354,4;6,49;230,01
POSTO DE GASOLINA ALESSANDRA LTDA;Mario Lago;12/04/2025;12:11:29;RGA3G60;ORIGINAL GASOLINA;403,7;6,49;262
POSTO DE GASOLINA AMIGAO ITABORAI LTDA;Limpeza Gaslub;12/04/2025;06:49:46;RRD4F27;GASOLINA SHELL V-POWER;31,511;6,19;195,05
POSTO DE GASOLINA AMIGAO ITABORAI LTDA;Limpeza Gaslub;12/04/2025;06:48:12;RNK6A40;ETANOL COMUM;27,91;4,79;133,69
POSTO DE GASOLINA AMIGAO ITABORAI LTDA;Limpeza Gaslub;13/04/2025;18:49:27;SKO4B46;GASOLINA COMUM;36,759;6,19;227,54
POSTO DE GASOLINA ALESSANDRA LTDA;Mario Lago;14/04/2025;04:55:20;ATF0816;ORIGINAL GASOLINA;373;6,49;242,08
POSTO PORTAL DE SUAPE LTDA;Tanques Suape - PE;14/04/2025;;TCN-8E04;GASOLINA COMUM;44,6;6,37;284,1
POSTO DE GASOLINA AMIGAO ITABORAI LTDA;Limpeza Gaslub;14/04/2025;12:12:33;RNK6A40;ETANOL COMUM;14,43;4,79;69,12
POSTO DE GASOLINA ALESSANDRA LTDA;Mario Lago;15/04/2025;13:23:28;RGA3G60;ORIGINAL GASOLINA;362,7;6,49;235,39
POSTO PORTAL DE SUAPE LTDA;Tanques Suape - PE;15/04/2025;;RUO-6I97;GASOLINA COMUM;38,831;6,37;247,35
POSTO DE GASOLINA AMIGAO ITABORAI LTDA;Limpeza Gaslub;15/04/2025;08:48:49;RRD4F27;GASOLINA SHELL V-POWER;35,561;6,19;220,12
POSTO DE GASOLINA AMIGAO ITABORAI LTDA;Limpeza Gaslub;15/04/2025;09:17:53;RVK0A51;GASOLINA SHELL V-POWER;16,439;6,19;101,76
POSTO DE GASOLINA AMIGAO ITABORAI LTDA;Limpeza Gaslub;15/04/2025;14:39:23;RRD4F27;TELLUS 68 20LTS S2 M BD;1;489,9;489,9
POSTO PORTAL DE SUAPE LTDA;Tanques Suape - PE;16/04/2025;;TCN-8E04;GASOLINA COMUM;36,801;6,37;234,42
POSTO DE GASOLINA AMIGAO ITABORAI LTDA;Limpeza Gaslub;16/04/2025;16:42:28;TTF6C50;DIESEL S10 COMUM;198,34;6,64;1316,98
POSTO DE GASOLINA AMIGAO ITABORAI LTDA;Limpeza Gaslub;16/04/2025;13:58:46;SKO4B46;DIESEL COMUM;40;5,99;239,6
POSTO DE GASOLINA AMIGAO ITABORAI LTDA;Limpeza Gaslub;16/04/2025;07:06:36;SIG4B85;GASOLINA COMUM;32,48;6,19;201,05
POSTO DE GASOLINA AMIGAO ITABORAI LTDA;Limpeza Gaslub;16/04/2025;11:17:45;RRD4F27;GASOLINA SHELL V-POWER;23,121;6,39;147,74
POSTO DE GASOLINA ALESSANDRA LTDA;Mario Lago;17/04/2025;05:16:07;ATF0816;ORIGINAL GASOLINA;416,7;6,49;270,44
POSTO DE GASOLINA ALESSANDRA LTDA;Mario Lago;17/04/2025;16:14:49;SJE2D43;ORIGINAL GASOLINA;379,8;6,49;246,49
POSTO DE GASOLINA ALESSANDRA LTDA;Mario Lago;17/04/2025;16:23:32;RGA3G60;ORIGINAL GASOLINA;473,4;6,49;307,24
POSTO DOS CAVALEIROS LTDA;Plataformas;17/04/2025;11:31:42;RMY5G19;GASOLINA COMUM;278,31;6,59;183,4
ZANIN E VIEIRA LTDA;Manutençao Tres Lagoas;17/04/2025;15:16:17;;DIESEL S 500;50;6,59;329,5
ZANIN E VIEIRA LTDA;Manutençao Tres Lagoas;17/04/2025;15:16:17;;ETANOL HIDRATADO;22,779;4,39;100
ZANIN E VIEIRA LTDA;Manutençao Tres Lagoas;17/04/2025;15:16:17;;GASOLINA COMUM;310,77;6,39;1985,82
POSTO DE GASOLINA AMIGAO ITABORAI LTDA;Limpeza Gaslub;17/04/2025;10:12:29;SKO4B46;GASOLINA COMUM;20;6,19;123,8
POSTO DE GASOLINA AMIGAO ITABORAI LTDA;Limpeza Gaslub;17/04/2025;18:00:19;RVA2F74;GASOLINA SHELL V-POWER;22,31;6,39;142,56
POSTO DE GASOLINA AMIGAO ITABORAI LTDA;Limpeza Gaslub;17/04/2025;10:13:51;;GASOLINA COMUM;37,08;6,19;229,53
POSTO DE GASOLINA ALESSANDRA LTDA;Mario Lago;18/04/2025;04:55:23;LOW1A49;ORIGINAL GASOLINA;77,04;6,49;50
POSTO DE GASOLINA ALESSANDRA LTDA;Mario Lago;18/04/2025;06:33:01;KNR7I56;ORIGINAL GASOLINA;77,04;6,49;50
POSTO DE GASOLINA ALESSANDRA LTDA;Mario Lago;18/04/2025;15:44:00;KZA8113;ORIGINAL ETANOL;104,38;4,79;50
POSTO DE GASOLINA ALESSANDRA LTDA;Mario Lago;19/04/2025;08:51:51;SJE2D43;ORIGINAL GASOLINA;159,2;6,49;103,32
POSTO DE GASOLINA AMIGAO ITABORAI LTDA;Limpeza Gaslub;19/04/2025;09:01:44;RVK0A59;GASOLINA SHELL V-POWER;28,991;6,39;185,25
POSTO DE GASOLINA AMIGAO ITABORAI LTDA;Limpeza Gaslub;19/04/2025;13:43:36;SKO4B46;GASOLINA SHELL V-POWER;66;6,39;421,74
POSTO DE GASOLINA ALESSANDRA LTDA;Mario Lago;21/04/2025;13:15:39;ATF0816;ORIGINAL GASOLINA;385,5;6,49;250,19
POSTO DE GASOLINA ALESSANDRA LTDA;Mario Lago;21/04/2025;16:16:33;KZA8113;ORIGINAL ETANOL;104,38;4,79;50
POSTO DE GASOLINA ALESSANDRA LTDA;Mario Lago;22/04/2025;08:59:40;RKI6D05;ORIGINAL DIESEL B S-10;797;6,74;537,18
POSTO DE GASOLINA ALESSANDRA LTDA;Mario Lago;22/04/2025;17:19:20;SJE2D43;ORIGINAL GASOLINA;382,6;6,49;248,31
POSTO DE GASOLINA ALESSANDRA LTDA;Mario Lago;22/04/2025;18:11:04;KPT1B37;ORIGINAL GASOLINA;200;6,49;129,8
POSTO PORTAL DE SUAPE LTDA;Tanques Suape - PE;22/04/2025;;RUO-6I97;DIESEL S10;187,27;6,08;1138,6
POSTO PORTAL DE SUAPE LTDA;Tanques Suape - PE;22/04/2025;;TCN-8E04;GASOLINA COMUM;44,151;6,37;281,24
POSTO PORTAL DE SUAPE LTDA;Tanques Suape - PE;22/04/2025;;RUO-6I97;GASOLINA COMUM;35,81;6,37;228,11
POSTO DE GASOLINA AMIGAO ITABORAI LTDA;Limpeza Gaslub;22/04/2025;06:36:37;RVA2F74;GASOLINA SHELL V-POWER;35,49;6,39;226,78
POSTO DE GASOLINA AMIGAO ITABORAI LTDA;Limpeza Gaslub;22/04/2025;14:02:09;RRD4F27;GASOLINA COMUM;40,21;6,19;248,9
POSTO DE GASOLINA ALESSANDRA LTDA;Mario Lago;23/04/2025;04:44:44;OLW1A49;ORIGINAL GASOLINA;77,04;6,49;50
POSTO DE GASOLINA ALESSANDRA LTDA;Mario Lago;23/04/2025;07:57:58;KZA8113;ORIGINAL ETANOL;104,38;4,79;50
POSTO DOS CAVALEIROS LTDA;Plataformas;23/04/2025;10:01:29;RMM5C81;GASOLINA COMUM;413,71;6,59;272,63
POSTO DE GASOLINA AMIGAO ITABORAI LTDA;Limpeza Gaslub;23/04/2025;18:29:55;SKO4B46;GASOLINA SHELL V-POWER;40,61;6,39;259,5
POSTO DE GASOLINA AMIGAO ITABORAI LTDA;Limpeza Gaslub;23/04/2025;11:44:44;RVK0A51;GASOLINA COMUM;41,759;6,19;258,49
POSTO DE GASOLINA ALESSANDRA LTDA;Mario Lago;24/04/2025;06:51:24;SJE2D43;ORIGINAL GASOLINA;106,4;6,49;69,05
POSTO DE GASOLINA ALESSANDRA LTDA;Mario Lago;24/04/2025;09:37:16;RGA3G60;ORIGINAL GASOLINA;485,7;6,49;315,22
POSTO DE GASOLINA ALESSANDRA LTDA;Mario Lago;24/04/2025;09:48:33;PTA;ORIGINAL DIESEL B S-500;600;6,64;398,4
POSTO PORTAL DE SUAPE LTDA;Tanques Suape - PE;24/04/2025;;TCN-8E04;GASOLINA COMUM;29,349;6,27;184,02
POSTO DE GASOLINA AMIGAO ITABORAI LTDA;Limpeza Gaslub;24/04/2025;06:57:49;SIG4B85;GASOLINA COMUM;22,019;6,19;136,3
POSTO DE GASOLINA ALESSANDRA LTDA;Mario Lago;25/04/2025;07:42:27;SJE2D43;ORIGINAL GASOLINA;309,8;6,49;201,06
POSTO DE GASOLINA ALESSANDRA LTDA;Mario Lago;25/04/2025;14:09:23;ATF0816;ORIGINAL GASOLINA;415;6,49;269,34
POSTO DOS CAVALEIROS LTDA;Plataformas;25/04/2025;09:31:59;RMY5G19;GASOLINA COMUM;371,7;6,59;244,95
POSTO DE GASOLINA AMIGAO ITABORAI LTDA;Limpeza Gaslub;25/04/2025;09:03:15;RVI6H54;GASOLINA SHELL V-POWER;41,21;6,19;255,09
POSTO DE GASOLINA AMIGAO ITABORAI LTDA;Limpeza Gaslub;26/04/2025;14:10:33;RVK0A51;GASOLINA SHELL V-POWER;31,27;6,19;193,56
POSTO DE GASOLINA AMIGAO ITABORAI LTDA;Limpeza Gaslub;26/04/2025;13:59:33;RRD4F27;GASOLINA SHELL V-POWER;33,96;6,19;210,21
POSTO DE GASOLINA AMIGAO ITABORAI LTDA;Limpeza Gaslub;26/04/2025;16:36:46;RVA2F74;GASOLINA SHELL V-POWER;31,11;6,19;192,57
POSTO DE GASOLINA AMIGAO ITABORAI LTDA;Limpeza Gaslub;26/04/2025;14:08:53;SKO4B46;GASOLINA SHELL V-POWER;35,931;6,19;222,41
POSTO DE GASOLINA ALESSANDRA LTDA;Mario Lago;27/04/2025;08:55:27;LOO6J82;ORIGINAL GASOLINA;77,04;6,49;50
POSTO DE GASOLINA AMIGAO ITABORAI LTDA;Limpeza Gaslub;27/04/2025;12:05:45;SKO4B46;GASOLINA COMUM;38,569;5,99;231,03
POSTO DE GASOLINA ALESSANDRA LTDA;Mario Lago;28/04/2025;11:43:24;RGA3G60;ORIGINAL GASOLINA;511,6;6,49;332,03
POSTO PORTAL DE SUAPE LTDA;Tanques Suape - PE;28/04/2025;;RUO-6I97;GASOLINA COMUM;39,63;6,27;248,48
POSTO PORTAL DE SUAPE LTDA;Tanques Suape - PE;28/04/2025;;RUO-6I97;DIESEL S10;134,88;5,99;807,93
POSTO DE GASOLINA AMIGAO ITABORAI LTDA;Limpeza Gaslub;28/04/2025;09:08:25;RRD4F27;GASOLINA SHELL V-POWER;25,339;6,19;156,85
POSTO DE GASOLINA AMIGAO ITABORAI LTDA;Limpeza Gaslub;28/04/2025;18:23:45;SKP8D07;DIESEL S10 COMUM;73,459;6,64;487,77
POSTO PORTAL DE SUAPE LTDA;Tanques Suape - PE;29/04/2025;;TCN-8E04;GASOLINA COMUM;44,829;6,27;281,08
POSTO DE GASOLINA AMIGAO ITABORAI LTDA;Limpeza Gaslub;29/04/2025;17:58:40;SKO4B46;GASOLINA COMUM;37,589;5,99;225,16
POSTO DE GASOLINA AMIGAO ITABORAI LTDA;Limpeza Gaslub;29/04/2025;20:29:08;RRD4F27;GASOLINA SHELL V-POWER;30,91;6,19;191,33
POSTO DE GASOLINA ALESSANDRA LTDA;Mario Lago;30/04/2025;06:41:39;ATF0816;ORIGINAL GASOLINA;416,3;6,49;270,18
POSTO DE GASOLINA ALESSANDRA LTDA;Mario Lago;30/04/2025;14:50:35;RGA3G60;ORIGINAL GASOLINA;450,2;6,49;292,18
POSTO DOS CAVALEIROS LTDA;Plataformas;30/04/2025;16:43:57;RMY5G19;GASOLINA COMUM;269,7;6,59;177,73
POSTO DE GASOLINA AMIGAO ITABORAI LTDA;Limpeza Gaslub;30/04/2025;15:26:16;RVK0A51;GASOLINA SHELL V-POWER;43,611;6,19;269,95
POSTO DE GASOLINA ALESSANDRA LTDA;Mario Lago;01/05/2025;16:10:56;OLW1A49;ORIGINAL GASOLINA;107,86;6,49;70
POSTO DE GASOLINA ALESSANDRA LTDA;Mario Lago;01/05/2025;17:12:12;LQN4768;ORIGINAL GASOLINA;107,86;6,49;70
POSTO DE GASOLINA ALESSANDRA LTDA;Mario Lago;01/05/2025;17:27:41;KZA8113;ORIGINAL GASOLINA;107,86;6,49;70
POSTO DE GASOLINA ALESSANDRA LTDA;Mario Lago;02/05/2025;13:53:13;SJE2D43;ORIGINAL GASOLINA;339;6,49;220,01
POSTO DE GASOLINA ALESSANDRA LTDA;Mario Lago;02/05/2025;16:57:27;KPT1B37;ORIGINAL GASOLINA;154,08;6,49;100
POSTO PORTAL DE SUAPE LTDA;Tanques Suape - PE;02/05/2025;;RUO-6I97;DIESEL S10;235,01;5,99;1407,71
POSTO PORTAL DE SUAPE LTDA;Tanques Suape - PE;02/05/2025;;RUO-6I97;GASOLINA COMUM;38,53;6,27;241,58
POSTO PORTAL DE SUAPE LTDA;Tanques Suape - PE;02/05/2025;;TCN-8F04;GASOLINA COMUM;36,541;6,27;229,11
POSTO DE GASOLINA AMIGAO ITABORAI LTDA;Limpeza Gaslub;02/05/2025;06:39:40;RRD4F27;GASOLINA SHELL V-POWER;39,179;6,19;242,52
POSTO DE GASOLINA AMIGAO ITABORAI LTDA;Limpeza Gaslub;02/05/2025;17:43:45;SKO4B46;GASOLINA SHELL V-POWER;41,05;6,19;254,1
POSTO DE GASOLINA AMIGAO ITABORAI LTDA;Limpeza Gaslub;02/05/2025;15:10:15;RVA2F74;GASOLINA SHELL V-POWER;28,59;6,19;176,97
POSTO DE GASOLINA ALESSANDRA LTDA;Mario Lago;03/05/2025;07:09:51;LQN4768;ORIGINAL GASOLINA;107,86;6,49;70
POSTO DE GASOLINA ALESSANDRA LTDA;Mario Lago;03/05/2025;13:41:26;RGA3G60;ORIGINAL GASOLINA;453,9;6,49;294,58
POSTO DE GASOLINA AMIGAO ITABORAI LTDA;Limpeza Gaslub;03/05/2025;18:48:05;RRD4F27;GASOLINA COMUM;28,23;5,99;169,1
POSTO DE GASOLINA AMIGAO ITABORAI LTDA;Limpeza Gaslub;04/05/2025;15:46:22;RVK0A51;GASOLINA COMUM;43,16;5,99;258,53
POSTO DE GASOLINA ALESSANDRA LTDA;Mario Lago;05/05/2025;09:07:37;ATF0816;ORIGINAL GASOLINA;400,7;6,49;260,05
POSTO DE GASOLINA ALESSANDRA LTDA;Mario Lago;05/05/2025;09:36:22;SJE2D43;ORIGINAL GASOLINA;246,2;6,49;159,78
POSTO DE GASOLINA ALESSANDRA LTDA;Mario Lago;05/05/2025;09:47:59;RGA3G60;LAMPADA H4 60/55W 12V;10;22;22
POSTO DE GASOLINA AMIGAO ITABORAI LTDA;Limpeza Gaslub;05/05/2025;18:49:54;SKO4B46;GASOLINA COMUM;37,02;5,99;221,75
POSTO DE GASOLINA AMIGAO ITABORAI LTDA;Limpeza Gaslub;05/05/2025;13:11:17;RVA2F74;GASOLINA COMUM;17,75;5,99;106,32
POSTO DE GASOLINA ALESSANDRA LTDA;Mario Lago;06/05/2025;16:24:52;RGA3G60;ORIGINAL GASOLINA;378,9;6,49;245,91
POSTO PORTAL DE SUAPE LTDA;Tanques Suape - PE;06/05/2025;;RUO-6I97;GASOLINA COMUM;41,48;6,27;260,08
ZANIN E VIEIRA LTDA;Manutençao Tres Lagoas;06/05/2025;15:39:24;;GASOLINA COMUM;196,905;6,39;1258,22
POSTO DE GASOLINA AMIGAO ITABORAI LTDA;Limpeza Gaslub;06/05/2025;18:26:34;SKP8S07;DIESEL S10 COMUM;62,24;6,09;379,04
POSTO DE GASOLINA AMIGAO ITABORAI LTDA;Limpeza Gaslub;06/05/2025;21:05:19;RRD4F27;GASOLINA SHELL V-POWER;36,32;6,19;224,82
POSTO DE GASOLINA ALESSANDRA LTDA;Mario Lago;07/05/2025;08:05:40;SJE2D43;ORIGINAL GASOLINA;190;6,49;123,31
POSTO DOS CAVALEIROS LTDA;Plataformas;07/05/2025;17:40:24;RMM5C81;GASOLINA COMUM;433,9;6,59;285,94
POSTO DOS CAVALEIROS LTDA;Plataformas;07/05/2025;16:43:24;RMY5G19;GASOLINA COMUM;346,21;6,59;228,15
POSTO PORTAL DE SUAPE LTDA;Tanques Suape - PE;07/05/2025;;TCN-8E04;GASOLINA COMUM;44,309;6,27;277,82
POSTO DE GASOLINA AMIGAO ITABORAI LTDA;Limpeza Gaslub;07/05/2025;08:21:41;SKO4B46;GASOLINA COMUM;30,84;5,99;184,73
POSTO PORTAL DE SUAPE LTDA;Tanques Suape - PE;08/05/2025;;RUO-6I97;DIESEL S10;345;5,99;2066,55
POSTO DE GASOLINA AMIGAO ITABORAI LTDA;Limpeza Gaslub;08/05/2025;09:16:37;RRD4F27;GASOLINA SHELL V-POWER;57,191;6,19;354,01
POSTO DE GASOLINA AMIGAO ITABORAI LTDA;Limpeza Gaslub;08/05/2025;09:16:00;RRD4F27;GASOLINA SHELL V-POWER;30,649;6,19;189,72
POSTO DE GASOLINA AMIGAO ITABORAI LTDA;Limpeza Gaslub;08/05/2025;14:25:34;TTF6C50;DIESEL S10 COMUM;78,53;6,64;521,44
POSTO DE GASOLINA AMIGAO ITABORAI LTDA;Limpeza Gaslub;08/05/2025;15:30:51;RVK0A51;GASOLINA SHELL V-POWER;32,04;6,19;198,33
POSTO DE GASOLINA ALESSANDRA LTDA;Mario Lago;09/05/2025;06:50:08;ATF0816;ORIGINAL GASOLINA;410,7;6,49;266,54
POSTO DE GASOLINA ALESSANDRA LTDA;Mario Lago;09/05/2025;08:20:05;SJE2D43;ORIGINAL GASOLINA;302,4;6,49;196,26
POSTO DE GASOLINA ALESSANDRA LTDA;Mario Lago;09/05/2025;15:34:20;RGA3G60;ORIGINAL GASOLINA;407,6;6,49;264,53
POSTO PORTAL DE SUAPE LTDA;Tanques Suape - PE;09/05/2025;;RUO-6I97;GASOLINA COMUM;30,46;6,57;200,12
POSTO DE GASOLINA ALESSANDRA LTDA;Mario Lago;10/05/2025;05:22:17;OLW1A49;ORIGINAL GASOLINA;107,86;6,49;70
POSTO DOS CAVALEIROS LTDA;Plataformas;10/05/2025;10:44:24;RMY5G19;GASOLINA COMUM;299,81;6,59;197,57
POSTO DE GASOLINA AMIGAO ITABORAI LTDA;Limpeza Gaslub;10/05/2025;16:42:31;RRD4F27;GASOLINA SHELL V-POWER;35,859;6,19;221,97
POSTO DE GASOLINA AMIGAO ITABORAI LTDA;Limpeza Gaslub;11/05/2025;17:14:39;RVK0A51;GASOLINA COMUM;28,93;5,99;173,29
POSTO DE GASOLINA AMIGAO ITABORAI LTDA;Limpeza Gaslub;11/05/2025;17:26:47;RVI6H54;GASOLINA COMUM;35;5,99;209,65
POSTO DE GASOLINA ALESSANDRA LTDA;Mario Lago;12/05/2025;09:37:01;CAMINHAO;ORIGINAL DIESEL B S-10;403,77;6,74;272,14
POSTO DE GASOLINA ALESSANDRA LTDA;Mario Lago;12/05/2025;10:00:52;ATF0816;ORIGINAL GASOLINA;348,3;6,49;226,05
POSTO DE GASOLINA ALESSANDRA LTDA;Mario Lago;12/05/2025;13:35:36;PTA;ORIGINAL DIESEL B S-500;800,1;6,64;531,27
POSTO DOS CAVALEIROS LTDA;Plataformas;12/05/2025;10:35:06;;ETANOL ADITIVADO;325,3;5,29;172,08
POSTO PORTAL DE SUAPE LTDA;Tanques Suape - PE;12/05/2025;;TCN-0E84;GASOLINA COMUM;43,91;6,57;288,49
POSTO DE GASOLINA AMIGAO ITABORAI LTDA;Limpeza Gaslub;12/05/2025;13:47:53;SKO4B46;GASOLINA SHELL V-POWER;37,019;6,19;229,15
POSTO DE GASOLINA ALESSANDRA LTDA;Mario Lago;13/05/2025;07:17:27;SJE2D43;ORIGINAL GASOLINA;384,6;6,49;249,61
POSTO DE GASOLINA AMIGAO ITABORAI LTDA;Limpeza Gaslub;13/05/2025;10:57:56;RRD4F27;GASOLINA COMUM;39,71;5,99;237,86
POSTO DE GASOLINA ALESSANDRA LTDA;Mario Lago;14/05/2025;06:46:04;ATF0816;ORIGINAL GASOLINA;370,1;6,49;240,19
POSTO DE GASOLINA ALESSANDRA LTDA;Mario Lago;14/05/2025;15:41:47;RGA3G60;ORIGINAL GASOLINA;428,6;6,49;278,16
POSTO DE GASOLINA AMIGAO ITABORAI LTDA;Limpeza Gaslub;14/05/2025;19:23:29;SKO4B46;GASOLINA COMUM;37,569;5,99;225,04
POSTO DE GASOLINA AMIGAO ITABORAI LTDA;Limpeza Gaslub;14/05/2025;18:23:32;SKP8D07;DIESEL S10 COMUM;68,23;6,64;453,05
POSTO DE GASOLINA AMIGAO ITABORAI LTDA;Limpeza Gaslub;14/05/2025;16:04:15;RVA2F74;GASOLINA SHELL V-POWER;31,31;6,19;193,81
POSTO DE GASOLINA AMIGAO ITABORAI LTDA;Limpeza Gaslub;14/05/2025;07:40:05;RVI6H54;GASOLINA SHELL V-POWER;32,99;6,19;204,21
POSTO DE GASOLINA ALESSANDRA LTDA;Mario Lago;15/05/2025;09:33:21;SJE2D43;ORIGINAL GASOLINA;308,2;6,49;200,02
POSTO DOS CAVALEIROS LTDA;Plataformas;15/05/2025;17:35:52;RMY5G19;GASOLINA COMUM;361,2;6,59;238,03
POSTO DE GASOLINA AMIGAO ITABORAI LTDA;Limpeza Gaslub;15/05/2025;19:16:57;SKO4B46;GASOLINA COMUM;36;5,99;215,64
POSTO DE GASOLINA AMIGAO ITABORAI LTDA;Limpeza Gaslub;15/05/2025;10:36:08;RVK0A51;GASOLINA COMUM;41,93;5,99;251,16
POSTO DE GASOLINA ALESSANDRA LTDA;Mario Lago;16/05/2025;16:33:42;KPT1B37;ORIGINAL GASOLINA;154,08;6,49;100
POSTO DE GASOLINA ALESSANDRA LTDA;Mario Lago;16/05/2025;16:35:13;SQZ9D17;ORIGINAL GASOLINA;92,45;6,49;60
POSTO DOS CAVALEIROS LTDA;Plataformas;16/05/2025;16:45:55;RMM5C81;GASOLINA COMUM;408,61;6,59;269,27
POSTO DE GASOLINA AMIGAO ITABORAI LTDA;Limpeza Gaslub;16/05/2025;13:33:15;SIG4B85;GASOLINA SHELL V-POWER;37,95;5,99;227,32
POSTO DE GASOLINA ALESSANDRA LTDA;Mario Lago;17/05/2025;00:28:24;SJE2D43;ORIGINAL GASOLINA;440,7;6,49;286,01
POSTO DE GASOLINA ALESSANDRA LTDA;Mario Lago;17/05/2025;12:30:14;RGA3G60;ORIGINAL GASOLINA;446,5;6,49;289,78
POSTO DE GASOLINA ALESSANDRA LTDA;Mario Lago;17/05/2025;12:56:41;OLW1A49;ORIGINAL GASOLINA;107,86;6,49;70
POSTO DE GASOLINA ALESSANDRA LTDA;Mario Lago;18/05/2025;07:13:52;SQZ9D17;ORIGINAL GASOLINA;92,45;6,49;60
POSTO DE GASOLINA ALESSANDRA LTDA;Mario Lago;18/05/2025;07:14:28;ATF0816;ORIGINAL GASOLINA;427,4;6,49;277,38
POSTO DE GASOLINA ALESSANDRA LTDA;Mario Lago;18/05/2025;09:01:53;SJE2D43;ORIGINAL GASOLINA;222,2;6,49;144,21
POSTO DE GASOLINA AMIGAO ITABORAI LTDA;Limpeza Gaslub;18/05/2025;17:22:20;RVI6H54;GASOLINA SHELL V-POWER;40,04;5,99;239,84
POSTO DE GASOLINA AMIGAO ITABORAI LTDA;Limpeza Gaslub;18/05/2025;14:43:43;RRD4F27;GASOLINA SHELL V-POWER;44,02;5,99;263,68
POSTO DE GASOLINA ALESSANDRA LTDA;Mario Lago;19/05/2025;17:03:53;RGA3G60;ORIGINAL GASOLINA;428,3;6,49;277,97
POSTO PORTAL DE SUAPE LTDA;Tanques Suape - PE;19/05/2025;;TCN-8E04;GASOLINA COMUM;44,12;6,57;289,87
POSTO DE GASOLINA AMIGAO ITABORAI LTDA;Limpeza Gaslub;19/05/2025;15:16:12;RVD2F74;GASOLINA SHELL V-POWER;29,06;6,19;179,88
POSTO DE GASOLINA AMIGAO ITABORAI LTDA;Limpeza Gaslub;19/05/2025;17:22:44;RVK0A51;GASOLINA COMUM;33,321;5,99;199,59
POSTO DE GASOLINA AMIGAO ITABORAI LTDA;Limpeza Gaslub;19/05/2025;18:00:31;SKO4B46;GASOLINA SHELL V-POWER;40;6,19;247,6
POSTO DE GASOLINA ALESSANDRA LTDA;Mario Lago;20/05/2025;08:14:23;SJE2D43;ORIGINAL GASOLINA;265,1;6,49;172,05
POSTO DE GASOLINA ALESSANDRA LTDA;Mario Lago;20/05/2025;09:30:20;PTA;ORIGINAL DIESEL B S-500;893,5;6,64;593,28
ZANIN E VIEIRA LTDA;Manutençao Tres Lagoas;20/05/2025;14:46:44;;GASOLINA COMUM;260,25;6,39;1663
POSTO DE GASOLINA AMIGAO ITABORAI LTDA;Limpeza Gaslub;21/05/2025;16:00:43;RVA2F74;GASOLINA SHELL V-POWER;28,8;6,19;178,27
POSTO DE GASOLINA AMIGAO ITABORAI LTDA;Limpeza Gaslub;21/05/2025;18:03:22;RVI6454;GASOLINA SHELL V-POWER;25,451;6,19;157,54
POSTO DE GASOLINA ALESSANDRA LTDA;Mario Lago;22/05/2025;06:56:23;ATF0816;ORIGINAL GASOLINA;416,3;6,49;270,18
POSTO DE GASOLINA ALESSANDRA LTDA;Mario Lago;22/05/2025;07:22:58;RGA3G60;ORIGINAL GASOLINA;474,2;6,49;307,76
POSTO DE GASOLINA ALESSANDRA LTDA;Mario Lago;22/05/2025;08:39:46;SJE2B43;ORIGINAL GASOLINA;322,7;6,49;209,43
POSTO PORTAL DE SUAPE LTDA;Tanques Suape - PE;22/05/2025;;TCN-8E04;GASOLINA COMUM;41,871;6,57;275,09
POSTO DE GASOLINA ALESSANDRA LTDA;Mario Lago;23/05/2025;18:11:28;KPT1B37;ORIGINAL GASOLINA;154,08;6,49;100
POSTO DOS CAVALEIROS LTDA;Plataformas;23/05/2025;11:14:14;RMY5G19;GASOLINA COMUM;365,01;6,59;240,54
POSTO PORTAL DE SUAPE LTDA;Tanques Suape - PE;23/05/2025;;RUO-6I97;GASOLINA COMUM;40,14;6,57;263,72
POSTO PORTAL DE SUAPE LTDA;Tanques Suape - PE;23/05/2025;;RUO-6I97;DIESEL S10;250;5,69;1422,5
POSTO DE GASOLINA AMIGAO ITABORAI LTDA;Limpeza Gaslub;23/05/2025;11:26:08;RRD5F22;GASOLINA SHELL V-POWER;39,53;6,19;244,69
POSTO DE GASOLINA AMIGAO ITABORAI LTDA;Limpeza Gaslub;23/05/2025;14:25:39;TTF6C50;DIESEL S10 COMUM;157,1;5,99;941,03
POSTO DE GASOLINA AMIGAO ITABORAI LTDA;Limpeza Gaslub;23/05/2025;14:40:12;SKP8D07;DIESEL S10 COMUM;71,301;5,99;427,09
POSTO DE GASOLINA ALESSANDRA LTDA;Mario Lago;24/05/2025;05:27:15;KZA8113;ORIGINAL ETANOL;20,88;4,79;10
POSTO DE GASOLINA ALESSANDRA LTDA;Mario Lago;24/05/2025;09:31:33;KNR7I56;ORIGINAL GASOLINA;77,04;6,49;50
POSTO DE GASOLINA ALESSANDRA LTDA;Mario Lago;24/05/2025;15:39:10;RGA3G60;ORIGINAL GASOLINA;413,4;6,49;268,3
POSTO DE GASOLINA ALESSANDRA LTDA;Mario Lago;24/05/2025;16:46:06;OLW1A49;ORIGINAL GASOLINA;154,08;6,49;100
POSTO DE GASOLINA AMIGAO ITABORAI LTDA;Limpeza Gaslub;24/05/2025;08:44:07;RVK0A51;GASOLINA SHELL V-POWER;35,699;5,99;213,84
POSTO DE GASOLINA AMIGAO ITABORAI LTDA;Limpeza Gaslub;24/05/2025;16:56:31;SIG4B85;GASOLINA SHELL V-POWER;26,481;5,99;158,62
POSTO DE GASOLINA ALESSANDRA LTDA;Mario Lago;25/05/2025;05:27:19;KZA8113;ORIGINAL ETANOL;125,26;4,79;60
POSTO DE GASOLINA ALESSANDRA LTDA;Mario Lago;25/05/2025;06:06:40;ATF0816;ORIGINAL GASOLINA;416,1;6,49;270,05
POSTO DE GASOLINA ALESSANDRA LTDA;Mario Lago;25/05/2025;07:28:52;SJE2D43;ORIGINAL GASOLINA;393;6,49;255,06
POSTO DE GASOLINA ALESSANDRA LTDA;Mario Lago;26/05/2025;19:37:12;SJE2D43;ORIGINAL GASOLINA;273,9;6,49;177,76
POSTO PORTAL DE SUAPE LTDA;Tanques Suape - PE;26/05/2025;;TCN-8E04;GASOLINA COMUM;42,02;6,57;276,07
POSTO DE GASOLINA AMIGAO ITABORAI LTDA;Limpeza Gaslub;26/05/2025;18:00:10;RVI6H54;GASOLINA SHELL V-POWER;34,579;5,99;207,13
POSTO DE GASOLINA ALESSANDRA LTDA;Mario Lago;27/05/2025;04:55:52;KZA8113;ORIGINAL ETANOL;125,26;4,79;60
POSTO DE GASOLINA ALESSANDRA LTDA;Mario Lago;27/05/2025;07:28:55;RGA3G60;ORIGINAL GASOLINA;449,8;6,49;291,92
POSTO DE GASOLINA ALESSANDRA LTDA;Mario Lago;27/05/2025;10:18:24;SJE2D43;ORIGINAL GASOLINA;146,1;6,49;94,82
POSTO DE GASOLINA AMIGAO ITABORAI LTDA;Limpeza Gaslub;27/05/2025;09:19:32;SKO4B46;GASOLINA SHELL V-POWER;37,06;5,99;221,99
POSTO DE GASOLINA ALESSANDRA LTDA;Mario Lago;28/05/2025;09:11:27;TDK0A51;ORIGINAL GASOLINA;214,5;6,49;139,21
POSTO DE GASOLINA ALESSANDRA LTDA;Mario Lago;28/05/2025;17:26:10;ATF0816;ORIGINAL GASOLINA;440,6;6,49;285,95
POSTO DE GASOLINA ALESSANDRA LTDA;Mario Lago;28/05/2025;18:11:15;LOO6J82;ORIGINAL GASOLINA;77,04;6,49;50
POSTO PORTAL DE SUAPE LTDA;Tanques Suape - PE;28/05/2025;;TCN-8E04;GASOLINA COMUM;40,641;6,37;258,88
POSTO DE GASOLINA AMIGAO ITABORAI LTDA;Limpeza Gaslub;28/05/2025;07:01:04;RVA2F74;GASOLINA SHELL V-POWER;27,28;5,99;163,41
POSTO DE GASOLINA AMIGAO ITABORAI LTDA;Limpeza Gaslub;28/05/2025;20:08:11;RVI6H54;GASOLINA SHELL V-POWER;31,86;5,99;190,84
POSTO DE GASOLINA ALESSANDRA LTDA;Mario Lago;29/05/2025;10:43:29;RGA3G60;ORIGINAL GASOLINA;384,99;6,49;249,86
POSTO DE GASOLINA ALESSANDRA LTDA;Mario Lago;29/05/2025;13:32:48;TDK0A51;ORIGINAL GASOLINA;257,4;6,49;167,05
POSTO DE GASOLINA AMIGAO ITABORAI LTDA;Limpeza Gaslub;29/05/2025;08:26:49;RVK0D81;GASOLINA SHELL V-POWER;34,2;5,99;204,86
POSTO DE GASOLINA AMIGAO ITABORAI LTDA;Limpeza Gaslub;29/05/2025;11:01:58;RRD4F27;GASOLINA SHELL V-POWER;36,609;5,99;219,29
POSTO DE GASOLINA ALESSANDRA LTDA;Mario Lago;30/05/2025;04:50:46;KZA8113;ORIGINAL ETANOL;125,26;4,79;60
POSTO DOS CAVALEIROS LTDA;Plataformas;30/05/2025;14:06:09;RMY5G19;GASOLINA COMUM;321,31;6,59;211,74
POSTO PORTAL DE SUAPE LTDA;Tanques Suape - PE;30/05/2025;;RUO-6I97;GASOLINA COMUM;32,831;6,55;215,04
POSTO DE GASOLINA AMIGAO ITABORAI LTDA;Limpeza Gaslub;30/05/2025;15:32:33;SKO4B46;GASOLINA SHELL V-POWER;37,72;5,99;225,94
POSTO DE GASOLINA ALESSANDRA LTDA;Mario Lago;31/05/2025;05:15:17;OLW1A49;ORIGINAL GASOLINA;154,08;6,49;100
POSTO DE GASOLINA ALESSANDRA LTDA;Mario Lago;31/05/2025;06:30:03;KNR7I56;ORIGINAL GASOLINA;77,04;6,49;50
POSTO DE GASOLINA ALESSANDRA LTDA;Mario Lago;31/05/2025;07:39:37;TDK0A51;ORIGINAL GASOLINA;308,3;6,49;200,09
POSTO DE GASOLINA ALESSANDRA LTDA;Mario Lago;31/05/2025;12:28:05;RGA3G60;ORIGINAL GASOLINA;340,6;6,49;221,05
POSTO DE GASOLINA AMIGAO ITABORAI LTDA;Limpeza Gaslub;31/05/2025;08:50:32;RVI6H54;GASOLINA SHELL V-POWER;40,19;5,99;240,74
POSTO DE GASOLINA AMIGAO ITABORAI LTDA;Limpeza Gaslub;31/05/2025;08:53:01;RVI6H54;GASOLINA COMUM;21,06;5,99;126,15
POSTO DE GASOLINA AMIGAO ITABORAI LTDA;Limpeza Gaslub;31/05/2025;10:57:46;SKO4B46;FILTRO DE OLEO LUBRIF. PSL 78;1;25,9;25,9
POSTO DE GASOLINA ALESSANDRA LTDA;Mario Lago;02/06/2025;06:46:08;KZA8113;ORIGINAL ETANOL;122,3;4,79;58,58
POSTO DE GASOLINA ALESSANDRA LTDA;Mario Lago;02/06/2025;10:33:09;GALAO;ORIGINAL DIESEL B S-500;400;6,64;265,6
POSTO DE GASOLINA ALESSANDRA LTDA;Mario Lago;02/06/2025;11:36:12;TDK0A51;ORIGINAL GASOLINA;226,7;6,49;147,13
POSTO PORTAL DE SUAPE LTDA;Tanques Suape - PE;02/06/2025;;TCN-8E04;GASOLINA COMUM;42,24;6,55;276,67
POSTO DE GASOLINA AMIGAO ITABORAI LTDA;Limpeza Gaslub;02/06/2025;10:29:58;RRD4F27;GASOLINA COMUM;24,72;5,99;148,07
POSTO DE GASOLINA AMIGAO ITABORAI LTDA;Limpeza Gaslub;02/06/2025;13:36:54;RVA2F74;GASOLINA SHELL V-POWER;28,43;6,19;175,98
POSTO DE GASOLINA AMIGAO ITABORAI LTDA;Limpeza Gaslub;02/06/2025;17:26:44;RVK0A51;GASOLINA SHELL V-POWER;33,821;6,19;209,35
POSTO DE GASOLINA AMIGAO ITABORAI LTDA;Limpeza Gaslub;02/06/2025;18:03:03;RVI6H54;GASOLINA SHELL V-POWER;28,771;6,19;178,09
POSTO DE GASOLINA AMIGAO ITABORAI LTDA;Limpeza Gaslub;02/06/2025;18:25:58;SKP8D07;DIESEL S10 COMUM;64,659;5,99;387,31
POSTO DE GASOLINA ALESSANDRA LTDA;Mario Lago;03/06/2025;06:44:23;KZA8113;ORIGINAL ETANOL;125,26;4,79;60
POSTO DE GASOLINA ALESSANDRA LTDA;Mario Lago;03/06/2025;12:17:10;RGA3G60;ORIGINAL GASOLINA;347,5;6,49;225,53
POSTO DE GASOLINA ALESSANDRA LTDA;Mario Lago;03/06/2025;13:42:58;TDK0A51;ORIGINAL GASOLINA;308,2;6,49;200,02
POSTO PORTAL DE SUAPE LTDA;Tanques Suape - PE;03/06/2025;;RUO-6I27;DIESEL S10;250;5,69;1422,5
POSTO DE GASOLINA AMIGAO ITABORAI LTDA;Limpeza Gaslub;03/06/2025;11:27:25;SIG4B85;GASOLINA COMUM;32,84;5,99;196,71
POSTO DE GASOLINA ALESSANDRA LTDA;Mario Lago;04/06/2025;06:48:37;KZA8113;ORIGINAL ETANOL;125,3;4,79;60,02
POSTO DE GASOLINA ALESSANDRA LTDA;Mario Lago;04/06/2025;14:20:00;RKI6D05;ORIGINAL DIESEL B S-10;1632,05;6,74;1100
POSTO DOS CAVALEIROS LTDA;Plataformas;04/06/2025;15:14:41;RMY5G19;GASOLINA COMUM;264,1;6,59;174,04
ZANIN E VIEIRA LTDA;Manutençao Tres Lagoas;04/06/2025;15:41:09;;GASOLINA COMUM;200,38;6,39;1280,43
ZANIN E VIEIRA LTDA;Manutençao Tres Lagoas;04/06/2025;15:41:09;;DIESEL S 500;50;6,39;319,5
POSTO DE GASOLINA ALESSANDRA LTDA;Mario Lago;05/06/2025;06:41:44;ATF0816;ORIGINAL GASOLINA;431,5;6,49;280,04
POSTO DE GASOLINA ALESSANDRA LTDA;Mario Lago;05/06/2025;12:19:40;RGA3G60;ORIGINAL GASOLINA;357,6;6,49;232,08
POSTO DE GASOLINA ALESSANDRA LTDA;Mario Lago;05/06/2025;17:22:26;TDK0A51;ORIGINAL GASOLINA;265,6;6,49;172,37
POSTO DOS CAVALEIROS LTDA;Plataformas;05/06/2025;14:36:45;RMM5C81;GASOLINA COMUM;385,8;6,59;254,24
POSTO PORTAL DE SUAPE LTDA;Tanques Suape - PE;05/06/2025;;TCN-8E04;GASOLINA COMUM;43,921;6,55;287,68
POSTO DE GASOLINA AMIGAO ITABORAI LTDA;Limpeza Gaslub;05/06/2025;09:32:19;RVI6H54;GASOLINA COMUM;35,569;5,99;213,06
POSTO DE GASOLINA AMIGAO ITABORAI LTDA;Limpeza Gaslub;05/06/2025;13:29:02;SKO4B46;GASOLINA SHELL V-POWER;35,081;6,19;217,15
POSTO DE GASOLINA AMIGAO ITABORAI LTDA;Limpeza Gaslub;05/06/2025;18:17:31;RRP4F27;GASOLINA SHELL V-POWER;38,78;6,19;240,05
POSTO DE GASOLINA ALESSANDRA LTDA;Mario Lago;06/06/2025;18:48:03;KPT1B37;ORIGINAL GASOLINA;154,08;6,49;100
POSTO PORTAL DE SUAPE LTDA;Tanques Suape - PE;06/06/2025;;RUO-6I97;GASOLINA COMUM;40,231;6,55;263,51
POSTO DE GASOLINA AMIGAO ITABORAI LTDA;Limpeza Gaslub;06/06/2025;13:30:17;RVA2F74;GASOLINA SHELL V-POWER;30,661;6,19;189,79
POSTO DE GASOLINA ALESSANDRA LTDA;Mario Lago;07/06/2025;05:23:26;OLW1A49;ORIGINAL GASOLINA;77,04;6,49;50
POSTO DE GASOLINA ALESSANDRA LTDA;Mario Lago;07/06/2025;13:27:12;TDK0A51;ORIGINAL GASOLINA;281,8;6,49;182,89
POSTO DE GASOLINA AMIGAO ITABORAI LTDA;Limpeza Gaslub;07/06/2025;09:59:49;RRD4F27;GASOLINA COMUM;35,93;5,99;215,22
POSTO DE GASOLINA AMIGAO ITABORAI LTDA;Limpeza Gaslub;07/06/2025;10:00:26;RRD4F27;GASOLINA COMUM;39,18;5,99;234,69
POSTO DE GASOLINA AMIGAO ITABORAI LTDA;Limpeza Gaslub;07/06/2025;13:48:06;RVK0A51;GASOLINA SHELL V-POWER;39,25;6,19;242,96
POSTO DE GASOLINA ALESSANDRA LTDA;Mario Lago;09/06/2025;07:46:19;ATF0816;ORIGINAL GASOLINA;431,8;6,49;280,24
POSTO DE GASOLINA ALESSANDRA LTDA;Mario Lago;09/06/2025;17:38:22;RGA3G60;ORIGINAL GASOLINA;476,9;6,49;309,51
POSTO DE GASOLINA ALESSANDRA LTDA;Mario Lago;09/06/2025;18:56:40;TDK0A51;ORIGINAL GASOLINA;262;6,49;170,04
POSTO PORTAL DE SUAPE LTDA;Tanques Suape - PE;09/06/2025;;TCN-8E04;GASOLINA COMUM;39,169;6,55;256,56
POSTO DE GASOLINA AMIGAO ITABORAI LTDA;Limpeza Gaslub;09/06/2025;15:51:12;RRD4F27;GASOLINA SHELL V-POWER;39,191;6,19;242,59
POSTO DOS CAVALEIROS LTDA;Plataformas;10/06/2025;17:37:39;RMY5G19;GASOLINA COMUM;369,81;6,59;243,7
POSTO DE GASOLINA AMIGAO ITABORAI LTDA;Limpeza Gaslub;10/06/2025;10:09:04;SKP8D07;DIESEL S10 COMUM;64,481;5,99;386,24
POSTO DE GASOLINA AMIGAO ITABORAI LTDA;Limpeza Gaslub;10/06/2025;10:15:02;RVI6H54;GASOLINA SHELL V-POWER;43,57;6,19;269,7
POSTO DE GASOLINA AMIGAO ITABORAI LTDA;Limpeza Gaslub;10/06/2025;14:18:29;RVA2F74;GASOLINA SHELL V-POWER;19,75;6,19;122,25
POSTO DE GASOLINA AMIGAO ITABORAI LTDA;Limpeza Gaslub;10/06/2025;14:23:47;RVK0A51;GASOLINA COMUM;19,97;5,99;119,62
POSTO DE GASOLINA AMIGAO ITABORAI LTDA;Limpeza Gaslub;10/06/2025;14:26:12;RVK0A51;GASOLINA COMUM;21,25;5,99;127,29
POSTO DE GASOLINA AMIGAO ITABORAI LTDA;Limpeza Gaslub;10/06/2025;20:56:05;RRD4F27;GASOLINA SHELL V-POWER;32,771;6,19;202,85
POSTO DE GASOLINA ALESSANDRA LTDA;Mario Lago;11/06/2025;14:09:09;RGA3G60;ORIGINAL GASOLINA;388,3;6,49;252,01
POSTO DE GASOLINA ALESSANDRA LTDA;Mario Lago;11/06/2025;18:43:03;TDK0A51;ORIGINAL GASOLINA;261,7;6,49;169,84
POSTO PORTAL DE SUAPE LTDA;Tanques Suape - PE;11/06/2025;;RUO-6I97;DIESEL S10;300;5,69;1707
POSTO PORTAL DE SUAPE LTDA;Tanques Suape - PE;11/06/2025;;RUO-6I97;GASOLINA COMUM;33,44;6,55;219,03
POSTO DE GASOLINA AMIGAO ITABORAI LTDA;Limpeza Gaslub;11/06/2025;08:02:46;SIG4B85;GASOLINA COMUM;37,95;5,99;227,32
POSTO DE GASOLINA AMIGAO ITABORAI LTDA;Limpeza Gaslub;11/06/2025;14:02:04;SKO4B46;GASOLINA SHELL V-POWER;41,36;6,19;256,02
POSTO DE GASOLINA ALESSANDRA LTDA;Mario Lago;12/06/2025;06:43:59;KZA8113;ORIGINAL ETANOL;125,26;4,79;60
POSTO DE GASOLINA ALESSANDRA LTDA;Mario Lago;12/06/2025;17:02:46;TDK0A51;ORIGINAL GASOLINA;239;6,49;155,11
POSTO PORTAL DE SUAPE LTDA;Tanques Suape - PE;12/06/2025;;TCN-8E04;GASOLINA COMUM;45,521;6,55;298,16
POSTO DE GASOLINA ALESSANDRA LTDA;Mario Lago;13/06/2025;06:40:46;KZA8113;ORIGINAL ETANOL;125,26;4,79;60
POSTO DE GASOLINA ALESSANDRA LTDA;Mario Lago;13/06/2025;12:04:51;RKI6D05;ORIGINAL DIESEL B S-10;2000;6,74;1348
POSTO DE GASOLINA ALESSANDRA LTDA;Mario Lago;13/06/2025;14:45:12;RGA3G60;ORIGINAL GASOLINA;438,4;6,49;284,52
POSTO DE GASOLINA ALESSANDRA LTDA;Mario Lago;13/06/2025;16:36:53;SQZ9D17;ORIGINAL ETANOL;62,63;4,79;30
POSTO DE GASOLINA AMIGAO ITABORAI LTDA;Limpeza Gaslub;13/06/2025;15:45:57;RRD4F27;GASOLINA SHELL V-POWER;40,01;6,19;247,66
POSTO DE GASOLINA AMIGAO ITABORAI LTDA;Limpeza Gaslub;13/06/2025;15:50:12;RVI4H54;GASOLINA SHELL V-POWER;33,549;6,19;207,67
POSTO DE GASOLINA ALESSANDRA LTDA;Mario Lago;14/06/2025;05:09:48;OLW1A49;ORIGINAL GASOLINA;154,08;6,49;100
POSTO DE GASOLINA ALESSANDRA LTDA;Mario Lago;14/06/2025;05:44:20;KZA8113;ORIGINAL ETANOL;125,26;4,79;60
POSTO DE GASOLINA ALESSANDRA LTDA;Mario Lago;14/06/2025;07:12:08;KNR7I56;ORIGINAL GASOLINA;77,04;6,49;50
POSTO DE GASOLINA ALESSANDRA LTDA;Mario Lago;14/06/2025;08:12:52;LOO6J82;ORIGINAL GASOLINA;154,08;6,49;100
POSTO DE GASOLINA ALESSANDRA LTDA;Mario Lago;14/06/2025;16:07:19;PTA;ORIGINAL DIESEL B S-500;688,7;6,64;457,3
POSTO DE GASOLINA ALESSANDRA LTDA;Mario Lago;14/06/2025;17:50:43;RJS7F91;ORIGINAL GASOLINA;77,04;6,49;50
POSTO DE GASOLINA AMIGAO ITABORAI LTDA;Limpeza Gaslub;14/06/2025;13:58:31;SIG4B85;GASOLINA SHELL V-POWER;33,969;6,19;210,27
POSTO DE GASOLINA ALESSANDRA LTDA;Mario Lago;15/06/2025;05:28:33;KZA8113;ORIGINAL ETANOL;112,2;4,79;53,74
POSTO DE GASOLINA ALESSANDRA LTDA;Mario Lago;15/06/2025;07:19:31;LOO6J82;ORIGINAL GASOLINA;154,08;6,49;100
POSTO DE GASOLINA ALESSANDRA LTDA;Mario Lago;15/06/2025;13:04:00;SQZ9D17;ORIGINAL GASOLINA;92,45;6,49;60
POSTO DE GASOLINA ALESSANDRA LTDA;Mario Lago;15/06/2025;17:00:45;TDK0A51;ORIGINAL GASOLINA;295,2;6,49;191,58
POSTO DE GASOLINA ALESSANDRA LTDA;Mario Lago;16/06/2025;08:59:50;RGA3G60;ORIGINAL GASOLINA;363,8;6,49;236,11
POSTO DE GASOLINA ALESSANDRA LTDA;Mario Lago;16/06/2025;17:13:23;KZA8113;ORIGINAL ETANOL;125,26;4,79;60
POSTO DOS CAVALEIROS LTDA;Plataformas;16/06/2025;14:18:16;RMY5G19;GASOLINA COMUM;326,5;6,59;215,16
POSTO DE GASOLINA AMIGAO ITABORAI LTDA;Limpeza Gaslub;16/06/2025;12:45:08;TTF6C50;DIESEL S10 COMUM;128,699;5,99;770,91
POSTO DE GASOLINA AMIGAO ITABORAI LTDA;Limpeza Gaslub;16/06/2025;13:07:56;SKO4B46;GASOLINA SHELL V-POWER;38,94;6,19;241,04
POSTO DE GASOLINA AMIGAO ITABORAI LTDA;Limpeza Gaslub;16/06/2025;13:26:24;RVA2F74;GASOLINA SHELL V-POWER;35,16;6,19;217,64
POSTO DE GASOLINA ALESSANDRA LTDA;Mario Lago;17/06/2025;06:42:58;ATF0816;ORIGINAL GASOLINA;452,4;6,49;293,61
POSTO DE GASOLINA ALESSANDRA LTDA;Mario Lago;17/06/2025;07:44:46;TDK0A51;ORIGINAL GASOLINA;293,6;6,49;190,55
POSTO DE GASOLINA ALESSANDRA LTDA;Mario Lago;17/06/2025;13:51:16;GALAOPTA;ORIGINAL DIESEL B S-500;600;6,64;398,4
ZANIN E VIEIRA LTDA;Manutençao Tres Lagoas;17/06/2025;11:02:22;;GASOLINA COMUM;116,48;6,29;732,66
ZANIN E VIEIRA LTDA;Manutençao Tres Lagoas;17/06/2025;11:02:22;;GASOLINA COMUM;56,565;6,39;361,45
POSTO DE GASOLINA AMIGAO ITABORAI LTDA;Limpeza Gaslub;17/06/2025;09:29:04;SKP8D07;DIESEL S10 COMUM;62,501;5,99;374,38
POSTO DE GASOLINA AMIGAO ITABORAI LTDA;Limpeza Gaslub;17/06/2025;14:27:53;RRD4F27;GASOLINA SHELL V-POWER;38,439;6,19;237,94
POSTO DE GASOLINA ALESSANDRA LTDA;Mario Lago;18/06/2025;08:21:56;TDK0A51;ORIGINAL GASOLINA;258,2;6,29;162,41
POSTO DE GASOLINA ALESSANDRA LTDA;Mario Lago;18/06/2025;17:18:44;RGA3G60;ORIGINAL GASOLINA;376,8;6,29;237,01
POSTO DE GASOLINA ALESSANDRA LTDA;Mario Lago;18/06/2025;17:26:51;KPT1B37;ORIGINAL GASOLINA;200;6,29;125,8
POSTO PORTAL DE SUAPE LTDA;Tanques Suape - PE;18/06/2025;;RUO-6I97;GASOLINA COMUM;38,08;6,53;248,66
POSTO PORTAL DE SUAPE LTDA;Tanques Suape - PE;18/06/2025;;RUO-6I79;DIESEL S10;51,813;5,79;300
POSTO PORTAL DE SUAPE LTDA;Tanques Suape - PE;18/06/2025;;RUO-6I79;DIESEL S10;250,021;5,79;1447,62
POSTO DE GASOLINA AMIGAO ITABORAI LTDA;Limpeza Gaslub;18/06/2025;09:33:41;RVI6H54;GASOLINA SHELL V-POWER;47,229;6,19;292,35
POSTO DE GASOLINA AMIGAO ITABORAI LTDA;Limpeza Gaslub;18/06/2025;15:45:24;SIG4B85;GASOLINA SHELL V-POWER;32,549;6,19;201,48
POSTO DE GASOLINA ALESSANDRA LTDA;Mario Lago;19/06/2025;05:33:39;KZA8113;ORIGINAL ETANOL;113,6;4,69;53,28
POSTO DE GASOLINA ALESSANDRA LTDA;Mario Lago;19/06/2025;06:38:37;OLW1A49;ORIGINAL GASOLINA;111,29;6,29;70
POSTO DE GASOLINA ALESSANDRA LTDA;Mario Lago;19/06/2025;07:42:47;TDK0A51;PETRONAS SELENIA PERFORM SP 5W30 LT;10;44;44
POSTO DE GASOLINA ALESSANDRA LTDA;Mario Lago;19/06/2025;17:29:47;TDK0A51;PETRONAS SELENIA PERFORM SP 5W30 LT;10;44;44
POSTO PORTAL DE SUAPE LTDA;Tanques Suape - PE;19/06/2025;;TCN-8E04;GASOLINA COMUM;42,969;6,53;280,59
POSTO DE GASOLINA ALESSANDRA LTDA;Mario Lago;20/06/2025;06:39:51;ATF0816;ORIGINAL GASOLINA;409,3;6,29;257,45
POSTO DE GASOLINA ALESSANDRA LTDA;Mario Lago;20/06/2025;08:32:12;RGA3G60;ORIGINAL GASOLINA;308,5;6,29;194,05
POSTO DE GASOLINA ALESSANDRA LTDA;Mario Lago;20/06/2025;12:32:45;TDK0A51;ORIGINAL GASOLINA;220,4;6,29;138,63
POSTO DE GASOLINA AMIGAO ITABORAI LTDA;Limpeza Gaslub;20/06/2025;12:32:57;RVA2F74;GASOLINA SHELL V-POWER;32,471;5,99;194,5
POSTO DE GASOLINA AMIGAO ITABORAI LTDA;Limpeza Gaslub;20/06/2025;13:29:58;SKO4B46;GASOLINA SHELL V-POWER;40,599;5,99;243,19
POSTO DE GASOLINA AMIGAO ITABORAI LTDA;Limpeza Gaslub;20/06/2025;14:53:00;SIG4B85;GASOLINA SHELL V-POWER;19,72;5,99;118,12
POSTO DE GASOLINA ALESSANDRA LTDA;Mario Lago;21/06/2025;04:59:12;OLW1A49;ORIGINAL GASOLINA;111,29;6,29;70
POSTO DE GASOLINA ALESSANDRA LTDA;Mario Lago;21/06/2025;07:35:32;LPN3660;ORIGINAL GASOLINA;79,49;6,29;50
POSTO DE GASOLINA ALESSANDRA LTDA;Mario Lago;21/06/2025;14:40:25;RGA3G60;ORIGINAL GASOLINA;230,6;6,29;145,05
POSTO DE GASOLINA AMIGAO ITABORAI LTDA;Limpeza Gaslub;21/06/2025;20:48:30;RRD4F27;GASOLINA SHELL V-POWER;36,549;5,99;218,93
POSTO DE GASOLINA ALESSANDRA LTDA;Mario Lago;22/06/2025;05:14:38;OLW1A49;ORIGINAL GASOLINA;111,29;6,29;70
POSTO DE GASOLINA AMIGAO ITABORAI LTDA;Limpeza Gaslub;22/06/2025;10:16:15;SIG4B85;GASOLINA SHELL V-POWER;16,91;5,99;101,29
POSTO DE GASOLINA AMIGAO ITABORAI LTDA;Limpeza Gaslub;22/06/2025;10:18:53;RVI6H54;GASOLINA SHELL V-POWER;34,381;5,99;205,94
POSTO DE GASOLINA ALESSANDRA LTDA;Mario Lago;23/06/2025;07:25:17;TDK0A51;ORIGINAL GASOLINA;285,2;6,29;179,39
POSTO DE GASOLINA ALESSANDRA LTDA;Mario Lago;23/06/2025;17:36:37;SQZ9D17;ORIGINAL GASOLINA;95,39;6,29;60
POSTO DOS CAVALEIROS LTDA;Plataformas;23/06/2025;15:11:12;RMY5G19;GASOLINA COMUM;373,3;6,59;246
POSTO DE GASOLINA AMIGAO ITABORAI LTDA;Limpeza Gaslub;23/06/2025;17:44:42;RVA2F74;GASOLINA SHELL V-POWER;32,77;5,99;196,29
POSTO DE GASOLINA ALESSANDRA LTDA;Mario Lago;24/06/2025;15:52:54;RGA3G60;ORIGINAL GASOLINA;400,5;6,29;251,91
POSTO DE GASOLINA ALESSANDRA LTDA;Mario Lago;24/06/2025;15:54:38;HJB1J02;ORIGINAL GASOLINA;79,49;6,29;50
POSTO DE GASOLINA AMIGAO ITABORAI LTDA;Limpeza Gaslub;24/06/2025;16:43:47;RRD4F27;GASOLINA SHELL V-POWER;34,09;6,19;211,02
POSTO DE GASOLINA ALESSANDRA LTDA;Mario Lago;25/06/2025;08:56:55;TDK0A51;ORIGINAL GASOLINA;327,1;6,29;205,75
POSTO DE GASOLINA ALESSANDRA LTDA;Mario Lago;25/06/2025;17:22:25;KPT1B37;ORIGINAL GASOLINA;200;6,29;125,8
POSTO PORTAL DE SUAPE LTDA;Tanques Suape - PE;25/06/2025;;TCV-0A93;GASOLINA COMUM;42,969;6,53;280,59
POSTO PORTAL DE SUAPE LTDA;Tanques Suape - PE;25/06/2025;;RUO-6I97;GASOLINA COMUM;39,32;6,53;256,76
POSTO DE GASOLINA AMIGAO ITABORAI LTDA;Limpeza Gaslub;25/06/2025;07:04:52;SIG4B85;GASOLINA COMUM;40,639;5,99;243,43
POSTO DE GASOLINA AMIGAO ITABORAI LTDA;Limpeza Gaslub;25/06/2025;09:49:19;SKO4B46;GASOLINA SHELL V-POWER;35,069;6,19;217,08
POSTO DE GASOLINA AMIGAO ITABORAI LTDA;Limpeza Gaslub;25/06/2025;19:09:21;SKP8D07;DIESEL S10 COMUM;61,8;7,29;450,52
POSTO DE GASOLINA ALESSANDRA LTDA;Mario Lago;26/06/2025;17:38:02;RGA3G60;ORIGINAL GASOLINA;349,8;6,29;220,02
POSTO DE GASOLINA AMIGAO ITABORAI LTDA;Limpeza Gaslub;26/06/2025;09:55:09;RVA2F74;GASOLINA SHELL V-POWER;25,85;5,99;154,84
POSTO DE GASOLINA AMIGAO ITABORAI LTDA;Limpeza Gaslub;26/06/2025;11:05:29;RVI6H54;GASOLINA SHELL V-POWER;38,401;5,99;230,02
POSTO DE GASOLINA AMIGAO ITABORAI LTDA;Limpeza Gaslub;26/06/2025;09:58:19;TDK0A51;GASOLINA SHELL V-POWER;26,311;5,99;157,6
POSTO DE GASOLINA AMIGAO ITABORAI LTDA;Limpeza Gaslub;26/06/2025;17:57:59;RRD4F27;GASOLINA SHELL V-POWER;36,8;5,99;220,43
POSTO DE GASOLINA AMIGAO ITABORAI LTDA;Limpeza Gaslub;26/06/2025;10:39:42;RRG4F27;HELIX HX7 10W40 LT;4;42,9;171,6
POSTO DE GASOLINA ALESSANDRA LTDA;Mario Lago;27/06/2025;16:53:01;TDK0A51;ORIGINAL GASOLINA;289,1;6,29;181,84
POSTO PORTAL DE SUAPE LTDA;Tanques Suape - PE;27/06/2025;;RUO-6I97;DIESEL S10;300;5,79;1737
POSTO PORTAL DE SUAPE LTDA;Tanques Suape - PE;27/06/2025;;TCV-0A93;GASOLINA COMUM;29,96;6,53;195,64
POSTO DE GASOLINA AMIGAO ITABORAI LTDA;Limpeza Gaslub;27/06/2025;17:16:02;SIG4B85;GASOLINA SHELL V-POWER;28,371;5,99;169,94
POSTO DE GASOLINA AMIGAO ITABORAI LTDA;Limpeza Gaslub;27/06/2025;13:59:53;RVA2F74;GASOLINA SHELL V-POWER;30,361;5,99;181,86
POSTO DE GASOLINA ALESSANDRA LTDA;Mario Lago;28/06/2025;05:19:22;OLW1A49;ORIGINAL GASOLINA;79,49;6,29;50
POSTO DOS CAVALEIROS LTDA;Plataformas;28/06/2025;11:11:42;TCQ7G63;ETANOL ADITIVADO;345,81;5,29;182,93
POSTO DE GASOLINA ALESSANDRA LTDA;Mario Lago;30/06/2025;07:43:51;TDK0A51;ORIGINAL GASOLINA;290,4;6,29;182,66
POSTO DE GASOLINA ALESSANDRA LTDA;Mario Lago;30/06/2025;12:22:15;RGA3G60;ORIGINAL GASOLINA;377,6;6,29;237,51
POSTO DOS CAVALEIROS LTDA;Plataformas;30/06/2025;17:45:09;RMY5G19;GASOLINA COMUM;357,2;6,59;235,39
POSTO DE GASOLINA AMIGAO ITABORAI LTDA;Limpeza Gaslub;30/06/2025;09:20:51;SKO4B46;GASOLINA COMUM;19,76;5,99;118,36
POSTO DE GASOLINA AMIGAO ITABORAI LTDA;Limpeza Gaslub;30/06/2025;18:13:22;RVI6H54;GASOLINA SHELL V-POWER;39,25;5,99;235,11
POSTO DE GASOLINA AMIGAO ITABORAI LTDA;Limpeza Gaslub;30/06/2025;09:16:03;SKO4B46;GASOLINA SHELL V-POWER;34,16;5,99;204,62
POSTO DOS CAVALEIROS LTDA;Plataformas;01/07/2025;11:03:52;TDK0A51;ETANOL ADITIVADO;272,9;5,29;144,36
POSTO PORTAL DE SUAPE LTDA;Tanques Suape - PE;01/07/2025;;TCV-0A93;GASOLINA COMUM;42,72;6,53;278,96
POSTO DE GASOLINA AMIGAO ITABORAI LTDA;Limpeza Gaslub;01/07/2025;14:07:53;RVA2F74;GASOLINA SHELL V-POWER;35,89;5,99;214,98
POSTO DE GASOLINA ALESSANDRA LTDA;Mario Lago;02/07/2025;09:03:58;TDB6E70;ORIGINAL GASOLINA;174,8;6,29;109,95
POSTO DE GASOLINA ALESSANDRA LTDA;Mario Lago;02/07/2025;13:38:01;RGA3G60;ORIGINAL GASOLINA;445,7;6,29;280,35
POSTO DOS CAVALEIROS LTDA;Plataformas;02/07/2025;12:01:59;RMM5C81;GASOLINA COMUM;465,5;6,59;306,76
POSTO PORTAL DE SUAPE LTDA;Tanques Suape - PE;02/07/2025;;RUO-6I97;GASOLINA COMUM;38,21;6,53;249,51
POSTO DE GASOLINA AMIGAO ITABORAI LTDA;Limpeza Gaslub;02/07/2025;15:09:23;SKO4B46;GASOLINA SHELL V-POWER;29,871;6,19;184,9
POSTO DE GASOLINA AMIGAO ITABORAI LTDA;Limpeza Gaslub;02/07/2025;17:26:50;SKP8D07;DIESEL S10 COMUM;61,391;5,99;367,73
POSTO DE GASOLINA AMIGAO ITABORAI LTDA;Limpeza Gaslub;02/07/2025;15:07:29;RRD4F27;GASOLINA SHELL V-POWER;40,47;6,19;250,51
POSTO DE GASOLINA ALESSANDRA LTDA;Mario Lago;03/07/2025;07:30:22;TDB6E70;ORIGINAL GASOLINA;291;6,29;183,04
POSTO PORTAL DE SUAPE LTDA;Tanques Suape - PE;03/07/2025;;TCV-0A93;GASOLINA COMUM;32,309;6,53;210,98
ZANIN E VIEIRA LTDA;Manutençao Tres Lagoas;03/07/2025;14:11:06;;ETANOL HIDRATADO;23,64;4,39;103,78
ZANIN E VIEIRA LTDA;Manutençao Tres Lagoas;03/07/2025;14:11:06;;GASOLINA COMUM;109,86;6,29;691,02
POSTO DE GASOLINA AMIGAO ITABORAI LTDA;Limpeza Gaslub;03/07/2025;15:16:20;SIG4B85;UNIX 2T 500 ML;20;19,9;398
POSTO DE GASOLINA ALESSANDRA LTDA;Mario Lago;04/07/2025;14:19:09;TDB6E70;ORIGINAL GASOLINA;324,6;6,29;204,17
POSTO DE GASOLINA ALESSANDRA LTDA;Mario Lago;04/07/2025;15:33:10;RGA3G60;ORIGINAL GASOLINA;551,4;6,29;346,83
POSTO PORTAL DE SUAPE LTDA;Tanques Suape - PE;04/07/2025;;RUO-6I97;DIESEL S10;300;5,79;1737
POSTO DE GASOLINA AMIGAO ITABORAI LTDA;Limpeza Gaslub;04/07/2025;06:49:46;RVA2F74;GASOLINA SHELL V-POWER;35,42;6,19;219,25
POSTO DE GASOLINA AMIGAO ITABORAI LTDA;Limpeza Gaslub;04/07/2025;15:48:46;RVI6H54;GASOLINA SHELL V-POWER;37,919;6,19;234,72
POSTO DE GASOLINA ALESSANDRA LTDA;Mario Lago;05/07/2025;14:10:00;HJB1J02;ORIGINAL GASOLINA;79,49;6,29;50
POSTO DE GASOLINA AMIGAO ITABORAI LTDA;Limpeza Gaslub;05/07/2025;11:25:16;SKP8D07;DIESEL S10 COMUM;34,01;5,99;203,72
POSTO DE GASOLINA AMIGAO ITABORAI LTDA;Limpeza Gaslub;05/07/2025;11:21:04;RVA2F74;GASOLINA SHELL V-POWER;14,3;6,19;88,52
POSTO DE GASOLINA ALESSANDRA LTDA;Mario Lago;06/07/2025;08:30:41;OLW1A49;ORIGINAL GASOLINA;79,49;6,29;50
POSTO DE GASOLINA ALESSANDRA LTDA;Mario Lago;06/07/2025;08:30:54;KNR7I56;ORIGINAL GASOLINA;79,49;6,29;50
POSTO DE GASOLINA AMIGAO ITABORAI LTDA;Limpeza Gaslub;06/07/2025;12:24:21;SKO4B46;GASOLINA SHELL V-POWER;45;6,19;278,55
POSTO DE GASOLINA ALESSANDRA LTDA;Mario Lago;07/07/2025;07:54:11;TDB6E70;ORIGINAL GASOLINA;273,3;6,29;171,91
POSTO DE GASOLINA ALESSANDRA LTDA;Mario Lago;07/07/2025;13:19:26;RGA3G60;ORIGINAL GASOLINA;440,4;6,29;277,01
POSTO DOS CAVALEIROS LTDA;Plataformas;07/07/2025;17:34:56;RMY5G19;GASOLINA COMUM;325,6;6,59;214,57
POSTO DE GASOLINA AMIGAO ITABORAI LTDA;Limpeza Gaslub;07/07/2025;10:14:52;;HELIX HX8 5W30 LT SYNTHETIC;3;46,9;140,7
POSTO DE GASOLINA ALESSANDRA LTDA;Mario Lago;08/07/2025;07:41:36;TDB6E70;ORIGINAL GASOLINA;173,9;6,29;109,38
POSTO PORTAL DE SUAPE LTDA;Tanques Suape - PE;08/07/2025;;TCV-0A93;GASOLINA COMUM;44,27;6,53;289,08
POSTO PORTAL DE SUAPE LTDA;Tanques Suape - PE;08/07/2025;;RUO-6I97;GASOLINA COMUM;39,4;6,53;257,28
POSTO DE GASOLINA AMIGAO ITABORAI LTDA;Limpeza Gaslub;08/07/2025;13:13:57;RVI6H54;GASOLINA SHELL V-POWER;33,12;6,19;205,01
POSTO DE GASOLINA AMIGAO ITABORAI LTDA;Limpeza Gaslub;08/07/2025;15:34:27;RRD4F27;GASOLINA SHELL V-POWER;35;6,19;216,65
POSTO DE GASOLINA AMIGAO ITABORAI LTDA;Limpeza Gaslub;08/07/2025;18:02:46;RVA2F74;GASOLINA SHELL V-POWER;28,54;6,19;176,66
POSTO DE GASOLINA ALESSANDRA LTDA;Mario Lago;09/07/2025;14:01:45;RGA3G60;ORIGINAL GASOLINA;410,9;6,29;258,46
POSTO DE GASOLINA ALESSANDRA LTDA;Mario Lago;09/07/2025;16:57:41;TDB6E70;ORIGINAL GASOLINA;234;6,29;147,19
POSTO DOS CAVALEIROS LTDA;Plataformas;09/07/2025;14:20:59;SWB7H24;ETANOL ADITIVADO;371,71;5,29;196,63
POSTO DE GASOLINA AMIGAO ITABORAI LTDA;Limpeza Gaslub;09/07/2025;14:04:28;SIG4B85;GASOLINA COMUM;31,321;5,99;187,61
POSTO DE GASOLINA AMIGAO ITABORAI LTDA;Limpeza Gaslub;09/07/2025;15:28:14;RVA2F74;GASOLINA COMUM;57,529;5,99;344,6
POSTO DE GASOLINA ALESSANDRA LTDA;Mario Lago;10/07/2025;05:41:10;TDB6E70;ORIGINAL GASOLINA;67,2;6,29;42,27
POSTO DE GASOLINA ALESSANDRA LTDA;Mario Lago;10/07/2025;20:10:16;LOO6J82;ORIGINAL GASOLINA;158,98;6,29;100
POSTO PORTAL DE SUAPE LTDA;Tanques Suape - PE;10/07/2025;;RUO-6I97;DIESEL S10;300,37;5,79;1739,14
POSTO DE GASOLINA AMIGAO ITABORAI LTDA;Limpeza Gaslub;10/07/2025;13:34:41;RVI6H54;HELIX PROTECT V 5W30;3;47,901;143,7
POSTO DE GASOLINA ALESSANDRA LTDA;Mario Lago;11/07/2025;07:08:13;TDB6E70;ORIGINAL GASOLINA;242,7;6,29;152,66
POSTO DE GASOLINA ALESSANDRA LTDA;Mario Lago;11/07/2025;16:32:51;SQZ9D17;ORIGINAL GASOLINA;95,39;6,29;60
POSTO DE GASOLINA ALESSANDRA LTDA;Mario Lago;11/07/2025;17:01:41;KPT1B37;ORIGINAL GASOLINA;250;6,29;157,25
POSTO PORTAL DE SUAPE LTDA;Tanques Suape - PE;11/07/2025;;TCV-0A93;GASOLINA COMUM;44,239;6,39;282,69
POSTO DE GASOLINA AMIGAO ITABORAI LTDA;Limpeza Gaslub;11/07/2025;17:27:51;RRD4F27;GASOLINA SHELL V-POWER;35,549;6,19;220,05
POSTO DE GASOLINA ALESSANDRA LTDA;Mario Lago;12/07/2025;04:53:30;OLW1A49;ORIGINAL GASOLINA;79,49;6,29;50
POSTO DE GASOLINA ALESSANDRA LTDA;Mario Lago;12/07/2025;07:18:45;RGA3G60;ORIGINAL GASOLINA;450,6;6,29;283,43
POSTO DE GASOLINA ALESSANDRA LTDA;Mario Lago;12/07/2025;14:47:35;TDB6E70;ORIGINAL GASOLINA;296,7;6,29;186,62
POSTO DE GASOLINA AMIGAO ITABORAI LTDA;Limpeza Gaslub;12/07/2025;08:34:53;RVA2F74;GASOLINA SHELL V-POWER;35,279;6,19;218,38
POSTO DE GASOLINA AMIGAO ITABORAI LTDA;Limpeza Gaslub;13/07/2025;13:55:22;SKP8D07;DIESEL S10 COMUM;67,88;5,99;406,6
POSTO DE GASOLINA AMIGAO ITABORAI LTDA;Limpeza Gaslub;13/07/2025;13:10:56;RVI6H54;GASOLINA COMUM;38,639;5,99;231,45
POSTO DE GASOLINA ALESSANDRA LTDA;Mario Lago;14/07/2025;16:02:26;RGA3G60;ORIGINAL GASOLINA;375,2;6,29;236
POSTO DOS CAVALEIROS LTDA;Plataformas;14/07/2025;10:04:29;RMY5G19;GASOLINA COMUM;302,21;6,59;199,15
POSTO PORTAL DE SUAPE LTDA;Tanques Suape - PE;14/07/2025;;TCB-0A93;GASOLINA COMUM;38,989;6,53;254,6
POSTO PORTAL DE SUAPE LTDA;Tanques Suape - PE;14/07/2025;;RUO-6I97;GASOLINA COMUM;41,031;6,53;267,93
POSTO DE GASOLINA AMIGAO ITABORAI LTDA;Limpeza Gaslub;14/07/2025;16:22:36;RVA2F74;GASOLINA SHELL V-POWER;23,981;6,19;148,44
POSTO DE GASOLINA ALESSANDRA LTDA;Mario Lago;15/07/2025;07:44:16;TDB6E70;ORIGINAL GASOLINA;198;6,29;124,54
POSTO PORTAL DE SUAPE LTDA;Tanques Suape - PE;15/07/2025;;RUO-6I97;DIESEL S10;400;5,79;2316
POSTO DE GASOLINA AMIGAO ITABORAI LTDA;Limpeza Gaslub;15/07/2025;14:46:04;RRD4F27;GASOLINA SHELL V-POWER;42,01;6,19;260,04
POSTO DE GASOLINA ALESSANDRA LTDA;Mario Lago;16/07/2025;07:35:44;RGA3G60;ORIGINAL GASOLINA;350,9;6,29;220,72
POSTO DE GASOLINA ALESSANDRA LTDA;Mario Lago;16/07/2025;08:03:26;TDB6E70;ORIGINAL GASOLINA;217,7;6,29;136,93
POSTO DOS CAVALEIROS LTDA;Plataformas;16/07/2025;17:34:40;RMM5C81;GASOLINA COMUM;424,41;6,59;279,68
ZANIN E VIEIRA LTDA;Manutençao Tres Lagoas;16/07/2025;15:24:23;;GASOLINA COMUM;191,002;6,29;1201,4
POSTO DE GASOLINA AMIGAO ITABORAI LTDA;Limpeza Gaslub;16/07/2025;14:41:08;RVA2F74;GASOLINA SHELL V-POWER;29,129;6,19;180,31
POSTO DE GASOLINA ALESSANDRA LTDA;Mario Lago;17/07/2025;08:45:34;RKI6D05;ORIGINAL DIESEL B S-10;1892,74;6,74;1275,71
POSTO DE GASOLINA ALESSANDRA LTDA;Mario Lago;17/07/2025;17:10:50;TDB6E70;ORIGINAL GASOLINA;241,5;6,29;151,9
POSTO PORTAL DE SUAPE LTDA;Tanques Suape - PE;17/07/2025;;TCV-0A93;GASOLINA COMUM;45,201;6,53;295,16
POSTO DE GASOLINA AMIGAO ITABORAI LTDA;Limpeza Gaslub;17/07/2025;15:10:09;RVI6H54;GASOLINA SHELL V-POWER;34,96;6,19;216,4
POSTO DE GASOLINA AMIGAO ITABORAI LTDA;Limpeza Gaslub;17/07/2025;10:55:51;SKP8D07;DIESEL S10 COMUM;51,91;5,99;310,94
POSTO DE GASOLINA AMIGAO ITABORAI LTDA;Limpeza Gaslub;17/07/2025;11:00:06;SKP8D07;UNIX 2T 500 ML;10;19,9;199
POSTO DE GASOLINA ALESSANDRA LTDA;Mario Lago;18/07/2025;11:37:19;RGA3G60;ORIGINAL GASOLINA;470,7;6,29;296,07
POSTO DE GASOLINA ALESSANDRA LTDA;Mario Lago;18/07/2025;16:36:21;SQZ9D17;ORIGINAL GASOLINA;111,29;6,29;70
POSTO DOS CAVALEIROS LTDA;Plataformas;18/07/2025;13:17:35;RMY5G19;GASOLINA COMUM;307,5;6,59;202,64
POSTO PORTAL DE SUAPE LTDA;Tanques Suape - PE;18/07/2025;;RUO-6I97;GASOLINA COMUM;42,49;6,53;277,46
POSTO DE GASOLINA AMIGAO ITABORAI LTDA;Limpeza Gaslub;18/07/2025;13:21:03;RVD2F74;GASOLINA SHELL V-POWER;26,179;6,19;162,05
POSTO DE GASOLINA AMIGAO ITABORAI LTDA;Limpeza Gaslub;18/07/2025;10:03:41;RVI6H54;BATERIA OMEGA FREE - BF60LD;1;369,9;369,9
POSTO DE GASOLINA AMIGAO ITABORAI LTDA;Limpeza Gaslub;18/07/2025;10:35:04;RRD4F27;GASOLINA COMUM;39,509;5,99;236,66
POSTO DE GASOLINA ALESSANDRA LTDA;Mario Lago;19/07/2025;07:12:45;TDB6E70;ORIGINAL GASOLINA;299,5;6,29;188,39
POSTO DE GASOLINA ALESSANDRA LTDA;Mario Lago;19/07/2025;11:59:17;LOO6J82;ORIGINAL GASOLINA;158,98;6,29;100
POSTO DE GASOLINA AMIGAO ITABORAI LTDA;Limpeza Gaslub;20/07/2025;12:11:48;RRD4F27;GASOLINA SHELL V-POWER;37,21;5,99;222,89
POSTO DE GASOLINA ALESSANDRA LTDA;Mario Lago;21/07/2025;07:44:53;RGA3G60;ORIGINAL GASOLINA;315,9;6,29;198,7
POSTO DE GASOLINA ALESSANDRA LTDA;Mario Lago;21/07/2025;10:23:23;KPT1B37;ORIGINAL GASOLINA;200;6,29;125,8
POSTO PORTAL DE SUAPE LTDA;Tanques Suape - PE;21/07/2025;;RUO-6I97;GASOLINA COMUM;39,74;6,53;259,5
POSTO PORTAL DE SUAPE LTDA;Tanques Suape - PE;21/07/2025;;RUO-6I97;DIESEL S10;400,01;5,79;2316,06
POSTO DE GASOLINA AMIGAO ITABORAI LTDA;Limpeza Gaslub;21/07/2025;14:51:53;RVD2F74;GASOLINA SHELL V-POWER;30,2;5,99;180,9
POSTO DE GASOLINA AMIGAO ITABORAI LTDA;Limpeza Gaslub;21/07/2025;17:52:01;RVI6H54;GASOLINA SHELL V-POWER;34,86;5,99;208,81
POSTO DE GASOLINA ALESSANDRA LTDA;Mario Lago;22/07/2025;07:39:24;TDB6E70;ORIGINAL GASOLINA;311,4;6,29;195,87
POSTO DE GASOLINA ALESSANDRA LTDA;Mario Lago;22/07/2025;13:30:00;LMX2F82;ORIGINAL DIESEL B S-10;448;6,74;301,95
POSTO DE GASOLINA ALESSANDRA LTDA;Mario Lago;22/07/2025;19:31:50;RGA3G60;ORIGINAL GASOLINA;300;6,29;188,7
POSTO DE GASOLINA ALESSANDRA LTDA;Mario Lago;22/07/2025;19:36:10;RGA3G60;LAMPADA H4 60/55W 12V;10;22;22
POSTO DOS CAVALEIROS LTDA;Plataformas;22/07/2025;15:48:08;TDI5H38;ETANOL ADITIVADO;110,1;5,29;58,24
POSTO PORTAL DE SUAPE LTDA;Tanques Suape - PE;22/07/2025;;TCV-0A93;GASOLINA COMUM;43,53;6,53;284,25
POSTO PORTAL DE SUAPE LTDA;Tanques Suape - PE;23/07/2025;;RUO-6I97;DIESEL S10;450;5,79;2605,5
POSTO DE GASOLINA AMIGAO ITABORAI LTDA;Limpeza Gaslub;23/07/2025;18:18:34;SKP8D07;DIESEL S10 COMUM;68,79;5,99;412,05
POSTO DE GASOLINA AMIGAO ITABORAI LTDA;Limpeza Gaslub;23/07/2025;15:06:13;SKO4B46;GASOLINA SHELL V-POWER;31,421;5,99;188,21
POSTO DE GASOLINA AMIGAO ITABORAI LTDA;Limpeza Gaslub;23/07/2025;11:21:53;RRD4F27;DIESEL COMUM;42,99;5,89;253,21
POSTO DE GASOLINA AMIGAO ITABORAI LTDA;Limpeza Gaslub;23/07/2025;11:10:23;RRD4F27;GASOLINA SHELL V-POWER;38,77;5,99;232,23
POSTO DE GASOLINA AMIGAO ITABORAI LTDA;Limpeza Gaslub;23/07/2025;15:04:46;RVA2F74;GASOLINA SHELL V-POWER;29,22;5,99;175,03
POSTO DE GASOLINA ALESSANDRA LTDA;Mario Lago;24/07/2025;07:35:06;TDB6E70;ORIGINAL GASOLINA;282;6,29;177,38
POSTO DE GASOLINA ALESSANDRA LTDA;Mario Lago;24/07/2025;10:30:44;PTA;ORIGINAL DIESEL B S-500;1000;6,64;664
POSTO DE GASOLINA ALESSANDRA LTDA;Mario Lago;24/07/2025;10:32:06;RGA3G60;LAMPADA PINGAO W5W 12V WB-12961;20;5;10
POSTO DE GASOLINA ALESSANDRA LTDA;Mario Lago;24/07/2025;13:47:03;RGA3G60;ORIGINAL GASOLINA;466,6;6,29;293,49
POSTO DOS CAVALEIROS LTDA;Plataformas;24/07/2025;14:57:41;TDI5H38;ETANOL ADITIVADO;72,71;5,29;38,46
POSTO PORTAL DE SUAPE LTDA;Tanques Suape - PE;25/07/2025;;RUO-6I97;GASOLINA COMUM;38,221;6,39;244,23
POSTO PORTAL DE SUAPE LTDA;Tanques Suape - PE;25/07/2025;;TCV-0A93;GASOLINA COMUM;37,59;6,39;240,2
POSTO DE GASOLINA AMIGAO ITABORAI LTDA;Limpeza Gaslub;26/07/2025;11:05:52;RVA2F74;GASOLINA SHELL V-POWER;36,95;5,99;221,33
POSTO DE GASOLINA AMIGAO ITABORAI LTDA;Limpeza Gaslub;26/07/2025;09:04:54;RVI6H54;GASOLINA SHELL V-POWER;39,23;5,99;234,99
POSTO DE GASOLINA ALESSANDRA LTDA;Mario Lago;27/07/2025;07:17:46;TDB6E70;ORIGINAL GASOLINA;298;6,29;187,44
POSTO DE GASOLINA ALESSANDRA LTDA;Mario Lago;28/07/2025;09:02:43;RGA3G60;ORIGINAL GASOLINA;446,8;6,29;281,04
POSTO DE GASOLINA AMIGAO ITABORAI LTDA;Limpeza Gaslub;28/07/2025;18:31:42;SKP8D07;DIESEL S10 COMUM;57,589;5,99;344,96
POSTO DE GASOLINA AMIGAO ITABORAI LTDA;Limpeza Gaslub;28/07/2025;10:50:11;SKO4B46;GASOLINA SHELL V-POWER;38,649;6,19;239,24
POSTO DE GASOLINA ALESSANDRA LTDA;Mario Lago;29/07/2025;05:21:04;OLW1A49;ORIGINAL GASOLINA;79,49;6,29;50
POSTO DE GASOLINA ALESSANDRA LTDA;Mario Lago;29/07/2025;08:39:31;ATF0816;ORIGINAL GASOLINA;478,3;6,29;300,85
POSTO DE GASOLINA ALESSANDRA LTDA;Mario Lago;29/07/2025;09:09:42;LOO6J82;ORIGINAL GASOLINA;158,98;6,29;100
POSTO PORTAL DE SUAPE LTDA;Tanques Suape - PE;29/07/2025;;RUO-6I97;DIESEL S10;450;5,79;2605,5
POSTO DE GASOLINA AMIGAO ITABORAI LTDA;Limpeza Gaslub;29/07/2025;09:32:48;RUA2F74;DIESEL COMUM;42,64;7,19;306,58
POSTO DE GASOLINA AMIGAO ITABORAI LTDA;Limpeza Gaslub;29/07/2025;09:31:23;RVA2F74;GASOLINA COMUM;36,431;5,99;218,22
POSTO DE GASOLINA AMIGAO ITABORAI LTDA;Limpeza Gaslub;29/07/2025;09:23:54;RVD2F74;GASOLINA SHELL V-POWER;27,48;6,19;170,1
POSTO DE GASOLINA AMIGAO ITABORAI LTDA;Limpeza Gaslub;29/07/2025;10:34:26;RRD4F27;GASOLINA SHELL V-POWER;31,21;6,19;193,19
POSTO DE GASOLINA ALESSANDRA LTDA;Mario Lago;30/07/2025;12:27:34;RGA3G60;ORIGINAL GASOLINA;415,6;6,29;261,41
POSTO DE GASOLINA ALESSANDRA LTDA;Mario Lago;30/07/2025;17:45:24;TDB6E70;ORIGINAL GASOLINA;233,6;6,29;146,93
POSTO PORTAL DE SUAPE LTDA;Tanques Suape - PE;30/07/2025;;TCV-0A93;GASOLINA COMUM;45,369;6,39;289,91
POSTO DOS CAVALEIROS LTDA;Plataformas;31/07/2025;10:10:09;RMY5G19;GASOLINA COMUM;355,5;6,59;234,27
POSTO PORTAL DE SUAPE LTDA;Tanques Suape - PE;31/07/2025;;RUO-6I97;GASOLINA COMUM;38,93;6,27;244,09
POSTO DE GASOLINA AMIGAO ITABORAI LTDA;Limpeza Gaslub;31/07/2025;08:00:32;TTF6C50;DIESEL S10 COMUM;187,03;5,99;1120,31
POSTO DE GASOLINA AMIGAO ITABORAI LTDA;Limpeza Gaslub;31/07/2025;08:36:58;RVI6H54;GASOLINA SHELL V-POWER;40,14;5,99;240,44
POSTO DE GASOLINA ALESSANDRA LTDA;Mario Lago;01/08/2025;06:57:09;EAL9C10;ORIGINAL GASOLINA;158,98;6,29;100
POSTO DE GASOLINA ALESSANDRA LTDA;Mario Lago;01/08/2025;14:37:27;RGA3G60;ORIGINAL GASOLINA;312,5;6,29;196,56
POSTO DOS CAVALEIROS LTDA;Plataformas;01/08/2025;06:59:25;RMM5C81;GASOLINA COMUM;328,2;6,59;216,28
POSTO DE GASOLINA AMIGAO ITABORAI LTDA;Limpeza Gaslub;01/08/2025;13:43:51;SKO4B46;GASOLINA SHELL V-POWER;38,87;5,99;232,83
POSTO DE GASOLINA ALESSANDRA LTDA;Mario Lago;02/08/2025;07:01:48;HJB1J02;ORIGINAL GASOLINA;79,49;6,29;50
POSTO DE GASOLINA ALESSANDRA LTDA;Mario Lago;02/08/2025;07:09:29;TTH6F75;ORIGINAL GASOLINA;79,49;6,29;50
POSTO DE GASOLINA ALESSANDRA LTDA;Mario Lago;02/08/2025;09:59:49;LMX2E82;ORIGINAL DIESEL B S-10;424,3;6,74;285,98
POSTO DE GASOLINA ALESSANDRA LTDA;Mario Lago;02/08/2025;19:22:57;TDB6E70;ORIGINAL GASOLINA;438;6,29;275,5
POSTO DE GASOLINA AMIGAO ITABORAI LTDA;Limpeza Gaslub;02/08/2025;09:25:53;RRD4F27;GASOLINA SHELL V-POWER;32,509;5,99;194,73
POSTO DE GASOLINA AMIGAO ITABORAI LTDA;Limpeza Gaslub;02/08/2025;09:27:10;RVA2F74;GASOLINA SHELL V-POWER;33,07;5,99;198,09
POSTO DE GASOLINA AMIGAO ITABORAI LTDA;Limpeza Gaslub;02/08/2025;09:28:21;RVA2F74;GASOLINA COMUM;17,15;5,99;102,73
POSTO DE GASOLINA AMIGAO ITABORAI LTDA;Limpeza Gaslub;02/08/2025;09:22:15;SKP8D07;DIESEL S10 COMUM;61,321;5,99;367,31
POSTO DE GASOLINA ALESSANDRA LTDA;Mario Lago;03/08/2025;08:46:40;HJB1J02;ORIGINAL GASOLINA;79,49;6,29;50
POSTO DE GASOLINA ALESSANDRA LTDA;Mario Lago;04/08/2025;07:51:06;RKE6D06;ORIGINAL DIESEL B S-10;389,59;6,74;262,58
POSTO DE GASOLINA ALESSANDRA LTDA;Mario Lago;04/08/2025;17:10:51;TDB6E70;ORIGINAL GASOLINA;296,2;6,29;186,31
POSTO PORTAL DE SUAPE LTDA;Tanques Suape - PE;04/08/2025;;RUO-6I97;DIESEL S10;450;5,79;2605,5
ZANIN E VIEIRA LTDA;Manutençao Tres Lagoas;04/08/2025;16:16:36;;GASOLINA COMUM;46,48;6,19;287,71
ZANIN E VIEIRA LTDA;Manutençao Tres Lagoas;04/08/2025;16:16:36;;GASOLINA COMUM;194,331;6,29;1222,34
POSTO DE GASOLINA ALESSANDRA LTDA;Mario Lago;05/08/2025;13:02:41;RGA3G60;ORIGINAL GASOLINA;445,2;6,29;280,03
POSTO DE GASOLINA ALESSANDRA LTDA;Mario Lago;05/08/2025;17:49:44;TDB6E70;ORIGINAL GASOLINA;212,7;6,29;133,79
POSTO PORTAL DE SUAPE LTDA;Tanques Suape - PE;05/08/2025;;TCV-0A93;GASOLINA COMUM;43,89;6,17;270,8
POSTO DE GASOLINA AMIGAO ITABORAI LTDA;Limpeza Gaslub;05/08/2025;15:28:59;RRD4F27;GASOLINA SHELL V-POWER;39,04;6,19;241,66
POSTO DE GASOLINA AMIGAO ITABORAI LTDA;Limpeza Gaslub;05/08/2025;15:28:17;RRD4F27;DIESEL COMUM;45,58;7,19;327,72
POSTO DE GASOLINA AMIGAO ITABORAI LTDA;Limpeza Gaslub;05/08/2025;08:33:26;RVI6H54;GASOLINA SHELL V-POWER;38,279;6,19;236,95
POSTO DE GASOLINA AMIGAO ITABORAI LTDA;Limpeza Gaslub;05/08/2025;10:33:32;SKO4B46;GASOLINA SHELL V-POWER;36,141;6,19;223,71
POSTO DOS CAVALEIROS LTDA;Plataformas;06/08/2025;17:46:13;RMY5G19;GASOLINA COMUM;378,61;6,59;249,5
POSTO PORTAL DE SUAPE LTDA;Tanques Suape - PE;06/08/2025;;RUO-6I97;DIESEL S10;450;5,79;2605,5
POSTO DE GASOLINA AMIGAO ITABORAI LTDA;Limpeza Gaslub;06/08/2025;17:29:57;RVA2F74;GASOLINA SHELL V-POWER;27,981;6,19;173,2
POSTO DE GASOLINA ALESSANDRA LTDA;Mario Lago;07/08/2025;08:35:40;TDB6E70;ORIGINAL GASOLINA;224,9;6,29;141,46
POSTO DE GASOLINA ALESSANDRA LTDA;Mario Lago;07/08/2025;11:53:08;RGA3G60;ORIGINAL GASOLINA;454,2;6,29;285,69
POSTO PORTAL DE SUAPE LTDA;Tanques Suape - PE;07/08/2025;;RUO-6I97;GASOLINA COMUM;40,89;6,17;252,29
POSTO DE GASOLINA ALESSANDRA LTDA;Mario Lago;08/08/2025;08:33:30;ATF0816;ORIGINAL GASOLINA;472,4;6,29;297,14
POSTO DE GASOLINA ALESSANDRA LTDA;Mario Lago;08/08/2025;16:14:57;TDB6E70;ORIGINAL GASOLINA;219,7;6,29;138,19
POSTO DE GASOLINA ALESSANDRA LTDA;Mario Lago;08/08/2025;18:11:25;RGA3G60;ORIGINAL GASOLINA;257,8;6,29;162,16
POSTO PORTAL DE SUAPE LTDA;Tanques Suape - PE;08/08/2025;;TCV-0A93;ETANOL HIDRATADO;38,35;5,12;196,35
AUTO POSTO DO TRABALHO PILAR LTDA;Parada Reduc;08/08/2025;17:04:00;TDC-6B07;GASOLINA COMUM;43,871;57,9;254,01
POSTO DE GASOLINA AMIGAO ITABORAI LTDA;Limpeza Gaslub;08/08/2025;10:00:21;RVA2F74;GASOLINA COMUM;19,04;5,99;114,05
POSTO DE GASOLINA AMIGAO ITABORAI LTDA;Limpeza Gaslub;08/08/2025;09:58:58;RVA2F74;GASOLINA SHELL V-POWER;25,91;6,19;160,38
POSTO DE GASOLINA ALESSANDRA LTDA;Mario Lago;09/08/2025;05:05:56;OLW1A49;ORIGINAL GASOLINA;79,49;6,29;50
POSTO DE GASOLINA ALESSANDRA LTDA;Mario Lago;09/08/2025;05:52:34;KZA8113;ORIGINAL ETANOL;130,72;4,59;60
POSTO DE GASOLINA ALESSANDRA LTDA;Mario Lago;09/08/2025;10:23:44;LMX2F82;ORIGINAL DIESEL B S-10;420,9;6,74;283,69
AUTO POSTO DO TRABALHO PILAR LTDA;Parada Reduc;09/08/2025;12:57:00;TDG-5J20;GASOLINA COMUM;44,22;57,9;256,03
POSTO DE GASOLINA AMIGAO ITABORAI LTDA;Limpeza Gaslub;09/08/2025;18:12:18;SKO4B46;GASOLINA SHELL V-POWER;39,54;6,19;244,75
POSTO DE GASOLINA AMIGAO ITABORAI LTDA;Limpeza Gaslub;09/08/2025;14:15:51;RVD2F74;GASOLINA SHELL V-POWER;21,73;6,19;134,51
POSTO DE GASOLINA AMIGAO ITABORAI LTDA;Limpeza Gaslub;09/08/2025;14:36:22;SKP8D07;DIESEL S10 COMUM;69,01;5,99;413,37
POSTO DE GASOLINA AMIGAO ITABORAI LTDA;Limpeza Gaslub;09/08/2025;14:41:51;RVI6H54;GASOLINA SHELL V-POWER;31,2;6,19;193,13
POSTO DE GASOLINA ALESSANDRA LTDA;Mario Lago;10/08/2025;05:55:13;KZA8113;ORIGINAL ETANOL;130,72;4,59;60
POSTO DE GASOLINA ALESSANDRA LTDA;Mario Lago;10/08/2025;20:21:56;TDB6E70;ORIGINAL GASOLINA;385,3;6,29;242,35
POSTO PORTAL DE SUAPE LTDA;Tanques Suape - PE;11/08/2025;;RUO-6I97;GASOLINA COMUM;41,521;6,55;271,96
POSTO DE GASOLINA ALESSANDRA LTDA;Mario Lago;12/08/2025;09:30:56;TDB6E70;ORIGINAL GASOLINA;298,4;6,29;187,69
POSTO DE GASOLINA ALESSANDRA LTDA;Mario Lago;12/08/2025;12:26:32;RGA3G60;ORIGINAL GASOLINA;489,5;6,29;307,9
POSTO PORTAL DE SUAPE LTDA;Tanques Suape - PE;12/08/2025;;RUO-0I97;DIESEL S10;450;5,79;2605,5
POSTO PORTAL DE SUAPE LTDA;Tanques Suape - PE;12/08/2025;;TCV-0A93;GASOLINA COMUM;42,95;6,55;281,32
POSTO DE GASOLINA ALESSANDRA LTDA;Mario Lago;13/08/2025;08:47:03;ATF0816;ORIGINAL GASOLINA;282,4;6,29;177,63
POSTO DE GASOLINA ALESSANDRA LTDA;Mario Lago;13/08/2025;10:15:04;PTA;ORIGINAL DIESEL B S-500;860;6,64;571,04
POSTO DOS CAVALEIROS LTDA;Plataformas;13/08/2025;08:34:13;RMY6G19;GASOLINA COMUM;365,1;6,59;240,6
AUTO POSTO DO TRABALHO PILAR LTDA;Parada Reduc;13/08/2025;20:18:00;TDG-5J20;GASOLINA COMUM;40,681;57,9;235,54
AUTO POSTO DO TRABALHO PILAR LTDA;Parada Reduc;13/08/2025;20:56:00;SKP-8E19;OLEO DIESEL S10;75,26;58,9;443,28
POSTO DE GASOLINA AMIGAO ITABORAI LTDA;Limpeza Gaslub;13/08/2025;16:42:49;RVA2F74;GASOLINA SHELL V-POWER;33,32;6,19;206,25
POSTO DE GASOLINA AMIGAO ITABORAI LTDA;Limpeza Gaslub;13/08/2025;10:23:01;RRD4F27;GASOLINA COMUM;20,28;5,99;121,48
POSTO DE GASOLINA AMIGAO ITABORAI LTDA;Limpeza Gaslub;13/08/2025;10:30:35;RRD4F27;DIESEL COMUM;41,74;7,19;300,11
POSTO DE GASOLINA AMIGAO ITABORAI LTDA;Limpeza Gaslub;13/08/2025;10:22:16;RRD4F27;GASOLINA SHELL V-POWER;32,62;6,19;201,92
POSTO DE GASOLINA AMIGAO ITABORAI LTDA;Limpeza Gaslub;13/08/2025;10:18:19;KNW5802;GASOLINA COMUM;31,9;5,99;191,08
POSTO DE GASOLINA ALESSANDRA LTDA;Mario Lago;14/08/2025;07:54:01;TDB6E70;ORIGINAL GASOLINA;277,6;6,29;174,61
POSTO DE GASOLINA ALESSANDRA LTDA;Mario Lago;14/08/2025;15:41:19;RGA3G60;ORIGINAL GASOLINA;382,3;6,29;240,47
POSTO DOS CAVALEIROS LTDA;Plataformas;14/08/2025;11:03:42;RMM5C81;GASOLINA COMUM;424,51;6,59;279,75
POSTO PORTAL DE SUAPE LTDA;Tanques Suape - PE;14/08/2025;;RUO-6I79;DIESEL S10;450;5,79;2605,5
AUTO POSTO DO TRABALHO PILAR LTDA;Parada Reduc;14/08/2025;11:16:00;TDC-6B07;ETANOL COMUM;42,53;42,9;182,45
AUTO POSTO DO TRABALHO PILAR LTDA;Parada Reduc;14/08/2025;08:32:00;QUY-0H62;ETANOL COMUM;44,76;42,9;192,02
POSTO DE GASOLINA AMIGAO ITABORAI LTDA;Limpeza Gaslub;14/08/2025;14:19:17;SKO4B46;GASOLINA SHELL V-POWER;35,84;6,19;221,85
POSTO DE GASOLINA AMIGAO ITABORAI LTDA;Limpeza Gaslub;14/08/2025;14:39:19;SKO4B46;GASOLINA COMUM;79,28;5,99;474,89
POSTO DE GASOLINA AMIGAO ITABORAI LTDA;Limpeza Gaslub;14/08/2025;14:47:14;SKO4B46;GALAO DE EMERGENCIA BRANCO 20LT;4;109,9;439,6
POSTO DE GASOLINA AMIGAO ITABORAI LTDA;Limpeza Gaslub;14/08/2025;20:28:20;SKP8D07;DIESEL S10 COMUM;60,2;5,99;360,6
POSTO DE GASOLINA AMIGAO ITABORAI LTDA;Limpeza Gaslub;14/08/2025;17:53:00;RVI6H54;GASOLINA SHELL V-POWER;39,95;6,19;247,29
POSTO DE GASOLINA ALESSANDRA LTDA;Mario Lago;15/08/2025;06:25:21;ATF0816;ORIGINAL GASOLINA;461,1;6,29;290,03
POSTO DE GASOLINA ALESSANDRA LTDA;Mario Lago;15/08/2025;14:52:01;TDB6E70;ORIGINAL GASOLINA;236,1;6,29;148,51
POSTO PORTAL DE SUAPE LTDA;Tanques Suape - PE;15/08/2025;;RUO-6I97;GASOLINA COMUM;37,93;6,55;248,44
POSTO PORTAL DE SUAPE LTDA;Tanques Suape - PE;15/08/2025;;TCV-0A93;GASOLINA COMUM;43,93;6,55;287,74
POSTO DE GASOLINA AMIGAO ITABORAI LTDA;Limpeza Gaslub;15/08/2025;17:06:16;RVD2F74;GASOLINA SHELL V-POWER;31,129;6,19;192,69
POSTO DE GASOLINA ALESSANDRA LTDA;Mario Lago;16/08/2025;05:11:08;OLW1A49;ORIGINAL GASOLINA;79,49;6,29;50
POSTO DE GASOLINA ALESSANDRA LTDA;Mario Lago;16/08/2025;11:50:26;RGA3G60;ORIGINAL GASOLINA;341,4;6,29;214,74
POSTO DE GASOLINA ALESSANDRA LTDA;Mario Lago;16/08/2025;14:08:25;KMR7I56;ORIGINAL GASOLINA;79,49;6,29;50
POSTO DE GASOLINA ALESSANDRA LTDA;Mario Lago;16/08/2025;15:34:48;LOO6J82;ORIGINAL GASOLINA;79,49;6,29;50
AUTO POSTO DO TRABALHO PILAR LTDA;Parada Reduc;16/08/2025;10:05:00;QUY-0H62;ETANOL COMUM;49,031;42,9;210,34
AUTO POSTO DO TRABALHO PILAR LTDA;Parada Reduc;16/08/2025;10:17:00;TDC-6B07;GASOLINA ADITIVADA;47,731;58,9;281,13
AUTO POSTO DO TRABALHO PILAR LTDA;Parada Reduc;16/08/2025;10:27:00;TDG-5J20;GASOLINA ADITIVADA;50,8;58,9;299,21
AUTO POSTO DO TRABALHO PILAR LTDA;Parada Reduc;16/08/2025;20:22:00;SKP-8E19;OLEO DIESEL S10;66,98;58,9;394,51
POSTO PORTAL DE SUAPE LTDA;Tanques Suape - PE;18/08/2025;;RUO-6I97;DIESEL S10;450;5,79;2605,5
AUTO POSTO DO TRABALHO PILAR LTDA;Parada Reduc;18/08/2025;15:39:00;SKP-9H95;OLEO DIESEL S10;484,921;58,9;2856,18
AUTO POSTO DO TRABALHO PILAR LTDA;Parada Reduc;18/08/2025;15:01:00;TDC-6B07;ETANOL COMUM;42,14;42,9;180,78
POSTO DE GASOLINA AMIGAO ITABORAI LTDA;Limpeza Gaslub;18/08/2025;15:12:06;RRD4F27;GASOLINA SHELL V-POWER;45,25;6,19;280,1
POSTO DE GASOLINA AMIGAO ITABORAI LTDA;Limpeza Gaslub;18/08/2025;16:47:11;RVI6H54;GASOLINA SHELL V-POWER;31,06;6,19;192,26
POSTO DE GASOLINA AMIGAO ITABORAI LTDA;Limpeza Gaslub;18/08/2025;14:58:17;RVA2F74;GASOLINA SHELL V-POWER;29,511;6,19;182,67
POSTO DE GASOLINA ALESSANDRA LTDA;Mario Lago;19/08/2025;08:23:25;TDB6E70;ORIGINAL GASOLINA;286,5;6,29;180,21
POSTO DE GASOLINA ALESSANDRA LTDA;Mario Lago;19/08/2025;15:22:43;RGA3G60;ORIGINAL GASOLINA;371,5;6,29;233,67
POSTO DOS CAVALEIROS LTDA;Plataformas;19/08/2025;17:40:00;RMY5G19;GASOLINA COMUM;325,01;6,59;214,18
ZANIN E VIEIRA LTDA;Manutençao Tres Lagoas;19/08/2025;10:10:29;;GASOLINA COMUM;149,729;6,19;926,82
AUTO POSTO DO TRABALHO PILAR LTDA;Parada Reduc;19/08/2025;20:43:00;TDC-6B07;ETANOL COMUM;49,119;42,9;210,72
AUTO POSTO DO TRABALHO PILAR LTDA;Parada Reduc;19/08/2025;12:33:00;TDG-5J20;GASOLINA COMUM;58,37;57,9;337,96
AUTO POSTO DO TRABALHO PILAR LTDA;Parada Reduc;19/08/2025;08:51:00;SKP-0C57;OLEO DIESEL S10;248,51;58,9;1463,72
AUTO POSTO DO TRABALHO PILAR LTDA;Parada Reduc;19/08/2025;07:00:00;QUY-0H62;ETANOL COMUM;46,9;42,9;201,2
POSTO DE GASOLINA AMIGAO ITABORAI LTDA;Limpeza Gaslub;19/08/2025;19:40:31;SKO4B46;GASOLINA SHELL V-POWER;38,2;5,99;228,82
POSTO DE GASOLINA AMIGAO ITABORAI LTDA;Limpeza Gaslub;19/08/2025;18:19:10;SKP8D07;DIESEL S10 COMUM;55,639;5,99;333,28
POSTO PORTAL DE SUAPE LTDA;Tanques Suape - PE;20/08/2025;;RUO-6I97;GASOLINA COMUM;38,25;6,55;250,54
POSTO PORTAL DE SUAPE LTDA;Tanques Suape - PE;20/08/2025;;TCV-0A93;GASOLINA COMUM;39,64;6,55;259,64
AUTO POSTO DO TRABALHO PILAR LTDA;Parada Reduc;20/08/2025;16:10:00;SKP-8E19;OLEO DIESEL S10;77,741;58,9;457,89
AUTO POSTO DO TRABALHO PILAR LTDA;Parada Reduc;20/08/2025;11:47:00;TDC-6B07;GASOLINA COMUM;49,85;57,9;288,63
POSTO DE GASOLINA ALESSANDRA LTDA;Mario Lago;21/08/2025;08:50:44;RGA3G60;ORIGINAL GASOLINA;501;6,29;315,13
POSTO DE GASOLINA ALESSANDRA LTDA;Mario Lago;21/08/2025;08:58:34;HCX5584;ORIGINAL GASOLINA;95,39;6,29;60
POSTO DE GASOLINA ALESSANDRA LTDA;Mario Lago;21/08/2025;16:08:35;TDB6E70;ORIGINAL GASOLINA;258;6,29;162,28
POSTO PORTAL DE SUAPE LTDA;Tanques Suape - PE;21/08/2025;;RUO-6I97;DIESEL S10;450;5,79;2605,5
AUTO POSTO DO TRABALHO PILAR LTDA;Parada Reduc;21/08/2025;18:58:00;QUY-0H62;ETANOL COMUM;48,28;42,9;207,12
POSTO DE GASOLINA AMIGAO ITABORAI LTDA;Limpeza Gaslub;21/08/2025;15:23:46;RRD4F27;DIESEL COMUM;39,71;5,89;233,89
POSTO DE GASOLINA AMIGAO ITABORAI LTDA;Limpeza Gaslub;21/08/2025;15:20:01;RRD4F27;GASOLINA SHELL V-POWER;35,361;5,99;211,81
POSTO DE GASOLINA AMIGAO ITABORAI LTDA;Limpeza Gaslub;21/08/2025;17:40:51;RVA2F74;GASOLINA SHELL V-POWER;32,04;5,99;191,92
POSTO DE GASOLINA ALESSANDRA LTDA;Mario Lago;22/08/2025;07:16:23;TDB6E70;ORIGINAL GASOLINA;172;6,29;108,19
POSTO DE GASOLINA ALESSANDRA LTDA;Mario Lago;22/08/2025;13:34:06;TDB6E70;ORIGINAL GASOLINA;210,5;6,29;132,4
POSTO DE GASOLINA ALESSANDRA LTDA;Mario Lago;22/08/2025;16:11:04;KZA8113;ORIGINAL ETANOL;217,86;4,59;100
POSTO DE GASOLINA ALESSANDRA LTDA;Mario Lago;22/08/2025;16:31:11;SQZ9D17;ORIGINAL GASOLINA;158,98;6,29;100
AUTO POSTO DO TRABALHO PILAR LTDA;Parada Reduc;22/08/2025;09:28:00;TDG-5J20;GASOLINA ADITIVADA;44,15;58,9;260,04
AUTO POSTO DO TRABALHO PILAR LTDA;Parada Reduc;22/08/2025;19:21:00;TDC-6B07;GASOLINA COMUM;42,41;57,9;245,55
POSTO DE GASOLINA AMIGAO ITABORAI LTDA;Limpeza Gaslub;23/08/2025;09:01:46;TTF6C50;DIESEL S10 COMUM;130,619;5,99;782,41
POSTO DE GASOLINA AMIGAO ITABORAI LTDA;Limpeza Gaslub;23/08/2025;18:53:21;SKP8D07;DIESEL S10 COMUM;58,13;5,99;348,2
POSTO DE GASOLINA AMIGAO ITABORAI LTDA;Limpeza Gaslub;23/08/2025;17:39:13;SKO4B46;GASOLINA SHELL V-POWER;38,96;6,19;241,16
POSTO DE GASOLINA AMIGAO ITABORAI LTDA;Limpeza Gaslub;23/08/2025;08:21:50;RVI6H54;GASOLINA SHELL V-POWER;36,15;6,19;223,77
POSTO DE GASOLINA ALESSANDRA LTDA;Mario Lago;24/08/2025;11:54:20;RGA3G60;ORIGINAL GASOLINA;359,6;6,29;226,19
POSTO DE GASOLINA ALESSANDRA LTDA;Mario Lago;24/08/2025;13:53:29;LMX2F82;ORIGINAL DIESEL B S-10;433,2;6,74;291,98
POSTO DOS CAVALEIROS LTDA;Plataformas;25/08/2025;09:14:12;RMY5G19;GASOLINA COMUM;323,4;6,59;213,12
AUTO POSTO DO TRABALHO PILAR LTDA;Parada Reduc;25/08/2025;10:26:00;TDC-6B07;GASOLINA COMUM;52,831;57,9;305,89
AUTO POSTO DO TRABALHO PILAR LTDA;Parada Reduc;25/08/2025;15:57:00;SKP-0C57;OLEO DIESEL S10;260,941;58,9;1536,94
AUTO POSTO DO TRABALHO PILAR LTDA;Parada Reduc;25/08/2025;14:42:00;SKP-8E19;OLEO DIESEL S10;78,61;58,9;463,01
POSTO DE GASOLINA AMIGAO ITABORAI LTDA;Limpeza Gaslub;25/08/2025;08:29:46;RVA2F74;GASOLINA SHELL V-POWER;38,019;6,19;235,34
POSTO DE GASOLINA ALESSANDRA LTDA;Mario Lago;26/08/2025;05:40:56;TDB6E70;ORIGINAL GASOLINA;278;6,29;174,86
POSTO DE GASOLINA ALESSANDRA LTDA;Mario Lago;26/08/2025;13:27:41;TDB6E70;ORIGINAL GASOLINA;187,3;6,29;117,81
POSTO DE GASOLINA ALESSANDRA LTDA;Mario Lago;26/08/2025;15:54:18;RGA3G60;ORIGINAL GASOLINA;390,1;6,29;245,37
AUTO POSTO DO TRABALHO PILAR LTDA;Parada Reduc;26/08/2025;15:51:00;TDG-5J20;ETANOL COMUM;45,739;42,9;196,22
AUTO POSTO DO TRABALHO PILAR LTDA;Parada Reduc;26/08/2025;20:06:00;TDC-6B07;GASOLINA COMUM;49,921;57,9;289,04
AUTO POSTO DO TRABALHO PILAR LTDA;Parada Reduc;26/08/2025;10:56:00;TDC-6B07;GASOLINA COMUM;32,65;57,9;189,04
POSTO DE GASOLINA ALESSANDRA LTDA;Mario Lago;27/08/2025;15:36:32;TDB6E70;ORIGINAL GASOLINA;294,1;6,29;184,99
POSTO DOS CAVALEIROS LTDA;Plataformas;27/08/2025;10:05:37;TJV7H63;GASOLINA COMUM;456,91;6,59;301,1
AUTO POSTO DO TRABALHO PILAR LTDA;Parada Reduc;27/08/2025;09:45:00;TDC-6B07;ETANOL COMUM;36,7;42,9;157,44
AUTO POSTO DO TRABALHO PILAR LTDA;Parada Reduc;27/08/2025;15:24:00;QUY-0H62;GASOLINA COMUM;29,691;57,9;171,91
POSTO DE GASOLINA AMIGAO ITABORAI LTDA;Limpeza Gaslub;27/08/2025;13:50:36;RVI6H54;GASOLINA SHELL V-POWER;37,639;5,99;225,46
POSTO DE GASOLINA AMIGAO ITABORAI LTDA;Limpeza Gaslub;27/08/2025;14:15:21;RRD4F27;GASOLINA SHELL V-POWER;41,381;5,99;247,87
POSTO DE GASOLINA ALESSANDRA LTDA;Mario Lago;28/08/2025;14:09:43;RGA3G60;ORIGINAL GASOLINA;429,5;6,29;270,16
AUTO POSTO DO TRABALHO PILAR LTDA;Parada Reduc;28/08/2025;07:16:00;TDG-5J20;ETANOL COMUM;43,131;42,9;185,03
AUTO POSTO DO TRABALHO PILAR LTDA;Parada Reduc;28/08/2025;13:27:00;SKP-9H95;OLEO DIESEL S10;219,301;58,9;1291,68
AUTO POSTO DO TRABALHO PILAR LTDA;Parada Reduc;28/08/2025;16:11:00;SKP-0C57;OLEO DIESEL S10;272,14;58,9;1602,9
POSTO DE GASOLINA AMIGAO ITABORAI LTDA;Limpeza Gaslub;28/08/2025;18:13:36;SKP8D07;DIESEL S10 COMUM;57,88;5,99;346,7
POSTO DE GASOLINA AMIGAO ITABORAI LTDA;Limpeza Gaslub;28/08/2025;14:02:39;SKO4B86;GASOLINA SHELL V-POWER;35,679;5,99;213,72
POSTO DE GASOLINA ALESSANDRA LTDA;Mario Lago;29/08/2025;13:50:00;TDB6E70;ORIGINAL GASOLINA;241,4;6,29;151,84
POSTO DE GASOLINA ALESSANDRA LTDA;Mario Lago;29/08/2025;15:10:34;KZA8113;ORIGINAL ETANOL;170,58;4,69;80
POSTO DE GASOLINA ALESSANDRA LTDA;Mario Lago;29/08/2025;16:02:28;PTA;ORIGINAL DIESEL B S-500;200;6,64;132,8
POSTO DE GASOLINA ALESSANDRA LTDA;Mario Lago;29/08/2025;16:31:00;SQZ9D17;ORIGINAL GASOLINA;127,19;6,29;80
POSTO DOS CAVALEIROS LTDA;Plataformas;29/08/2025;16:43:45;RMY5G19;GASOLINA COMUM;294,51;6,59;194,08
POSTO DOS CAVALEIROS LTDA;Plataformas;29/08/2025;11:58:11;RMM5C81;GASOLINA COMUM;393,01;6,59;258,99
AUTO POSTO DO TRABALHO PILAR LTDA;Parada Reduc;29/08/2025;09:18:00;TDG-5J20;GASOLINA COMUM;49,31;57,9;285,5
AUTO POSTO DO TRABALHO PILAR LTDA;Parada Reduc;29/08/2025;09:28:00;SKP-0C57;OLEO DIESEL S10;180,06;58,9;1060,55
AUTO POSTO DO TRABALHO PILAR LTDA;Parada Reduc;29/08/2025;09:28:00;SKP-0C57;OLEO DIESEL S10;229,291;58,9;1350,52
POSTO DE GASOLINA ALESSANDRA LTDA;Mario Lago;30/08/2025;12:54:38;RGA3G60;ORIGINAL GASOLINA;331,2;6,29;208,32
AUTO POSTO DO TRABALHO PILAR LTDA;Parada Reduc;30/08/2025;08:36:00;TDC-6B07;GASOLINA COMUM;42;57,9;243,18
POSTO DE GASOLINA AMIGAO ITABORAI LTDA;Limpeza Gaslub;30/08/2025;13:53:43;RVA2F74;GASOLINA SHELL V-POWER;36,389;6,19;225,25
POSTO DE GASOLINA ALESSANDRA LTDA;Mario Lago;01/09/2025;17:32:57;ATF0816;ORIGINAL GASOLINA;238,47;6,29;150
AUTO POSTO DO TRABALHO PILAR LTDA;Parada Reduc;01/09/2025;08:14:00;SKP-8E19;OLEO DIESEL S10;79,011;58,9;465,37
AUTO POSTO DO TRABALHO PILAR LTDA;Parada Reduc;01/09/2025;15:20:00;KRT-2186;OLEO DIESEL S10;289,33;58,9;1704,15
AUTO POSTO DO TRABALHO PILAR LTDA;Parada Reduc;01/09/2025;15:41:00;TDC-6B07;GASOLINA ADITIVADA;42,16;58,9;248,32
AUTO POSTO DO TRABALHO PILAR LTDA;Parada Reduc;01/09/2025;19:47:00;TCU-7J23;GASOLINA COMUM;50,451;57,9;292,11
AUTO POSTO DO TRABALHO PILAR LTDA;Parada Reduc;01/09/2025;09:11:00;TDG-5J20;ETANOL COMUM;46,651;42,9;200,13
POSTO DE GASOLINA AMIGAO ITABORAI LTDA;Limpeza Gaslub;01/09/2025;10:47:49;RRD4F27;GASOLINA SHELL V-POWER;35,561;6,19;220,12
POSTO DE GASOLINA AMIGAO ITABORAI LTDA;Limpeza Gaslub;01/09/2025;15:00:20;RVI6H54;GASOLINA SHELL V-POWER;39,26;6,19;243,02
POSTO DE GASOLINA AMIGAO ITABORAI LTDA;Limpeza Gaslub;01/09/2025;10:49:19;RRD4F27;GASOLINA COMUM;42,311;5,99;253,44
POSTO DE GASOLINA AMIGAO ITABORAI LTDA;Limpeza Gaslub;01/09/2025;10:54:48;RRD4F27;DIESEL COMUM;44,01;5,89;259,22
POSTO DE GASOLINA ALESSANDRA LTDA;Mario Lago;02/09/2025;07:58:43;RGA3G60;ORIGINAL GASOLINA;479,3;6,29;301,48
POSTO DE GASOLINA ALESSANDRA LTDA;Mario Lago;02/09/2025;15:40:53;TDB6E70;ORIGINAL GASOLINA;235,8;6,39;150,68
AUTO POSTO DO TRABALHO PILAR LTDA;Parada Reduc;02/09/2025;13:14:00;SUN-2F81;GASOLINA COMUM;47;57,9;272,13
POSTO DE GASOLINA AMIGAO ITABORAI LTDA;Limpeza Gaslub;02/09/2025;14:49:06;SKO4B46;GASOLINA SHELL V-POWER;43,22;6,19;267,53
POSTO DE GASOLINA AMIGAO ITABORAI LTDA;Limpeza Gaslub;02/09/2025;09:22:03;TTF6C50;DIESEL S10 COMUM;159,401;5,99;954,81
ZANIN E VIEIRA LTDA;Manutençao Tres Lagoas;03/09/2025;08:51:26;;GASOLINA COMUM;224,1;6,19;1387,18
ZANIN E VIEIRA LTDA;Manutençao Tres Lagoas;03/09/2025;08:51:26;;DIESEL S 500;50;6,29;314,5
POSTO DE GASOLINA AMIGAO ITABORAI LTDA;Limpeza Gaslub;03/09/2025;10:37:05;RVD2F74;GASOLINA SHELL V-POWER;30,759;6,19;190,4
POSTO DE GASOLINA AMIGAO ITABORAI LTDA;Limpeza Gaslub;03/09/2025;18:16:56;SKP8D07;DIESEL S10 COMUM;66,77;5,99;399,95
POSTO DE GASOLINA ALESSANDRA LTDA;Mario Lago;04/09/2025;13:56:39;RGA3G60;ORIGINAL GASOLINA;493;6,39;315,03
POSTO DE GASOLINA ALESSANDRA LTDA;Mario Lago;04/09/2025;14:04:41;PTA;ORIGINAL DIESEL B S-500;606,6;6,64;402,78
POSTO DOS CAVALEIROS LTDA;Plataformas;04/09/2025;18:44:14;BEI4C64;GASOLINA COMUM;337,3;6,59;222,28
AUTO POSTO DO TRABALHO PILAR LTDA;Parada Reduc;04/09/2025;08:53:00;KRH-7G99;OLEO DIESEL S10;271,87;58,9;1601,31
AUTO POSTO DO TRABALHO PILAR LTDA;Parada Reduc;04/09/2025;15:17:00;SKP-8E19;OLEO DIESEL S10;70,751;58,9;416,72
AUTO POSTO DO TRABALHO PILAR LTDA;Parada Reduc;04/09/2025;07:54:00;TPK-7B07;ETANOL COMUM;39,47;43,9;173,27
AUTO POSTO DO TRABALHO PILAR LTDA;Parada Reduc;04/09/2025;19:10:00;TDC-6B07;ETANOL COMUM;37,83;43,9;166,07
POSTO DE GASOLINA AMIGAO ITABORAI LTDA;Limpeza Gaslub;04/09/2025;17:52:44;RVI6H54;GASOLINA SHELL V-POWER;35,47;6,19;219,56
POSTO DE GASOLINA ALESSANDRA LTDA;Mario Lago;05/09/2025;14:02:34;RGA3G60;ORIGINAL GASOLINA;379,1;6,39;242,24
POSTO DE GASOLINA ALESSANDRA LTDA;Mario Lago;05/09/2025;15:24:14;KZA8I13;ORIGINAL ETANOL;125,26;4,79;60
POSTO DE GASOLINA ALESSANDRA LTDA;Mario Lago;05/09/2025;16:16:20;ATF0816;ORIGINAL GASOLINA;406,89;6,39;260
POSTO DOS CAVALEIROS LTDA;Plataformas;05/09/2025;16:45:46;RMY5G19;GASOLINA COMUM;351,4;6,59;231,57
AUTO POSTO DO TRABALHO PILAR LTDA;Parada Reduc;05/09/2025;12:00:00;SUN-2F81;ETANOL COMUM;42,909;43,9;188,37
AUTO POSTO DO TRABALHO PILAR LTDA;Parada Reduc;05/09/2025;10:53:00;TDG-5J20;ETANOL COMUM;41,971;43,9;184,25
AUTO POSTO DO TRABALHO PILAR LTDA;Parada Reduc;05/09/2025;09:45:00;TDC-6B07;ETANOL COMUM;39,319;43,9;172,61
POSTO DE GASOLINA AMIGAO ITABORAI LTDA;Limpeza Gaslub;05/09/2025;13:37:49;SKP8D07;DIESEL S10 COMUM;31,28;5,99;187,37
POSTO DE GASOLINA AMIGAO ITABORAI LTDA;Limpeza Gaslub;05/09/2025;17:05:35;RRD4F27;GASOLINA COMUM;39,481;5,99;236,49
AUTO POSTO DO TRABALHO PILAR LTDA;Parada Reduc;06/09/2025;15:06:00;TPK-7B07;ETANOL COMUM;35,88;43,9;157,51
POSTO DE GASOLINA ALESSANDRA LTDA;Mario Lago;07/09/2025;06:55:31;KNV9004;ORIGINAL GASOLINA;15,65;6,39;10
POSTO DE GASOLINA ALESSANDRA LTDA;Mario Lago;08/09/2025;07:17:43;TEI4C64;ORIGINAL GASOLINA;348,8;6,39;222,88
POSTO DE GASOLINA ALESSANDRA LTDA;Mario Lago;08/09/2025;09:53:14;RGA3G60;ORIGINAL GASOLINA;423,6;6,39;270,68
AUTO POSTO DO TRABALHO PILAR LTDA;Parada Reduc;08/09/2025;08:01:00;SUN-2F81;ETANOL COMUM;45,561;43,9;200,01
AUTO POSTO DO TRABALHO PILAR LTDA;Parada Reduc;08/09/2025;15:26:00;TDG-5J20;ETANOL COMUM;40,03;43,9;175,73
AUTO POSTO DO TRABALHO PILAR LTDA;Parada Reduc;08/09/2025;10:40:00;TCU-7J23;ETANOL COMUM;43,29;43,9;190,04
POSTO DE GASOLINA AMIGAO ITABORAI LTDA;Limpeza Gaslub;08/09/2025;18:38:34;SKO4B46;GASOLINA SHELL V-POWER;34,67;6,19;214,61
POSTO DE GASOLINA AMIGAO ITABORAI LTDA;Limpeza Gaslub;08/09/2025;14:13:24;RVA2F74;GASOLINA SHELL V-POWER;35,8;6,19;221,6
POSTO DE GASOLINA ALESSANDRA LTDA;Mario Lago;09/09/2025;08:08:45;TEI4C64;ORIGINAL GASOLINA;310;6,39;198,09
AUTO POSTO DO TRABALHO PILAR LTDA;Parada Reduc;09/09/2025;09:36:00;SKP-8E19;OLEO DIESEL S10;78,201;58,9;460,6
AUTO POSTO DO TRABALHO PILAR LTDA;Parada Reduc;09/09/2025;12:15:00;TDG-5J20;ETANOL COMUM;45,251;43,9;198,65
AUTO POSTO DO TRABALHO PILAR LTDA;Parada Reduc;09/09/2025;20:32:00;KRT-2186;OLEO DIESEL S10;270,661;58,9;1594,19
POSTO DE GASOLINA AMIGAO ITABORAI LTDA;Limpeza Gaslub;09/09/2025;14:16:33;RRD4F27;DIESEL COMUM;44,229;5,89;260,51
POSTO DE GASOLINA AMIGAO ITABORAI LTDA;Limpeza Gaslub;09/09/2025;14:08:04;RRD4F27;GASOLINA COMUM;61,1;5,99;365,99
POSTO DE GASOLINA AMIGAO ITABORAI LTDA;Limpeza Gaslub;09/09/2025;18:07:09;RVI6H54;GASOLINA SHELL V-POWER;35,62;6,19;220,49
POSTO DE GASOLINA AMIGAO ITABORAI LTDA;Limpeza Gaslub;09/09/2025;14:07:07;RRD4F27;GASOLINA SHELL V-POWER;43,31;6,19;268,09
POSTO DE GASOLINA ALESSANDRA LTDA;Mario Lago;10/09/2025;09:42:28;RGA3G60;ORIGINAL GASOLINA;460,3;6,39;294,13
POSTO DE GASOLINA ALESSANDRA LTDA;Mario Lago;10/09/2025;17:37:17;ATF0816;ORIGINAL GASOLINA;234,74;6,39;150
AUTO POSTO DO TRABALHO PILAR LTDA;Parada Reduc;10/09/2025;06:58:00;TDC-6B07;ETANOL COMUM;41,13;43,9;180,56
POSTO DE GASOLINA AMIGAO ITABORAI LTDA;Limpeza Gaslub;10/09/2025;14:56:42;TTF6C50;DIESEL S10 COMUM;29,13;5,99;174,49
POSTO DE GASOLINA ALESSANDRA LTDA;Mario Lago;11/09/2025;09:10:04;RKI6D05;ORIGINAL DIESEL B S-10;1577,4;6,74;1063,17
POSTO DOS CAVALEIROS LTDA;Plataformas;11/09/2025;17:35:02;RMY5G19;GASOLINA COMUM;332,31;6,59;218,99
AUTO POSTO DO TRABALHO PILAR LTDA;Parada Reduc;11/09/2025;12:08:00;TPK-7B07;ETANOL COMUM;44,301;43,9;194,48
AUTO POSTO DO TRABALHO PILAR LTDA;Parada Reduc;11/09/2025;09:00:00;KRH-7G99;OLEO DIESEL S10;257,221;58,9;1515,03
AUTO POSTO DO TRABALHO PILAR LTDA;Parada Reduc;11/09/2025;14:47:00;TDC-6B07;GASOLINA ADITIVADA;43,951;58,9;258,87
AUTO POSTO DO TRABALHO PILAR LTDA;Parada Reduc;11/09/2025;20:28:00;TCU-7J23;ETANOL COMUM;50,461;43,9;221,52
POSTO DE GASOLINA AMIGAO ITABORAI LTDA;Limpeza Gaslub;11/09/2025;18:13:44;SKP8D07;DIESEL S10 COMUM;61,25;5,99;366,89
POSTO DE GASOLINA AMIGAO ITABORAI LTDA;Limpeza Gaslub;11/09/2025;12:50:40;SKO4B46;GASOLINA SHELL V-POWER;39,321;5,99;235,53
POSTO DE GASOLINA AMIGAO ITABORAI LTDA;Limpeza Gaslub;11/09/2025;12:54:11;SKO4B46;UNIX 2T 500 ML;10;19,9;199
POSTO DE GASOLINA ALESSANDRA LTDA;Mario Lago;12/09/2025;09:56:24;RGA3G60;ORIGINAL GASOLINA;464,5;6,39;296,82
POSTO DE GASOLINA ALESSANDRA LTDA;Mario Lago;12/09/2025;09:56:54;TEI4C64;ORIGINAL GASOLINA;353,7;6,39;226,01
POSTO DE GASOLINA ALESSANDRA LTDA;Mario Lago;12/09/2025;10:34:54;LMX2F82;ORIGINAL DIESEL B S-10;508,7;6,74;342,86
POSTO DE GASOLINA ALESSANDRA LTDA;Mario Lago;12/09/2025;14:16:35;KZA8113;ORIGINAL ETANOL;146,14;4,79;70
POSTO DE GASOLINA ALESSANDRA LTDA;Mario Lago;12/09/2025;16:16:08;ATF0816;ORIGINAL GASOLINA;383,1;6,39;244,8
POSTO DE GASOLINA ALESSANDRA LTDA;Mario Lago;12/09/2025;16:26:32;LOO6J82;ORIGINAL GASOLINA;156,49;6,39;100
POSTO DE GASOLINA ALESSANDRA LTDA;Mario Lago;12/09/2025;16:49:58;KPT1B37;ORIGINAL GASOLINA;187,79;6,39;120
AUTO POSTO DO TRABALHO PILAR LTDA;Parada Reduc;12/09/2025;20:52:00;TDG-5J20;GASOLINA COMUM;43,211;57,9;250,19
POSTO DE GASOLINA ALESSANDRA LTDA;Mario Lago;13/09/2025;06:54:11;GXG3910;ORIGINAL GASOLINA;78,25;6,39;50
AUTO POSTO DO TRABALHO PILAR LTDA;Parada Reduc;13/09/2025;09:16:00;SKP-8E19;OLEO DIESEL S10;76,481;58,9;450,47
AUTO POSTO DO TRABALHO PILAR LTDA;Parada Reduc;13/09/2025;13:07:00;SUN-2F81;ETANOL COMUM;47,862;43,9;210,11
POSTO DE GASOLINA AMIGAO ITABORAI LTDA;Limpeza Gaslub;13/09/2025;17:10:10;RRD4F27;GASOLINA COMUM;35,95;5,99;215,34
POSTO DE GASOLINA AMIGAO ITABORAI LTDA;Limpeza Gaslub;14/09/2025;19:17:28;RVI6H54;GASOLINA SHELL V-POWER;38,27;6,19;236,89
POSTO DE GASOLINA ALESSANDRA LTDA;Mario Lago;15/09/2025;10:30:36;RGA3G60;ORIGINAL GASOLINA;422,9;6,39;270,23
POSTO DE GASOLINA ALESSANDRA LTDA;Mario Lago;15/09/2025;17:09:39;ATF0816;ORIGINAL GASOLINA;234,74;6,39;150
AUTO POSTO DO TRABALHO PILAR LTDA;Parada Reduc;15/09/2025;16:18:00;SKP-9H95;OLEO DIESEL S10;424,381;58,9;2499,6
AUTO POSTO DO TRABALHO PILAR LTDA;Parada Reduc;15/09/2025;08:33:00;KRT-2186;OLEO DIESEL S10;255,371;58,9;1504,13
AUTO POSTO DO TRABALHO PILAR LTDA;Parada Reduc;15/09/2025;18:41:00;TDC-6B07;GASOLINA COMUM;44,151;57,9;255,63
AUTO POSTO DO TRABALHO PILAR LTDA;Parada Reduc;15/09/2025;17:16:00;TPK-7B07;ETANOL COMUM;41,121;43,9;180,52
AUTO POSTO DO TRABALHO PILAR LTDA;Parada Reduc;15/09/2025;15:33:00;TDG-5J20;ETANOL COMUM;24,841;43,9;109,05
POSTO DE GASOLINA AMIGAO ITABORAI LTDA;Limpeza Gaslub;15/09/2025;15:00:16;RVD2F74;GASOLINA COMUM;20,89;5,99;125,13
POSTO DE GASOLINA AMIGAO ITABORAI LTDA;Limpeza Gaslub;15/09/2025;12:04:55;SKO4B46;GASOLINA SHELL V-POWER;40,9;6,19;253,17
POSTO DE GASOLINA AMIGAO ITABORAI LTDA;Limpeza Gaslub;15/09/2025;15:08:02;RVD2F74;GASOLINA SHELL V-POWER;37,54;6,19;232,37
POSTO DE GASOLINA ALESSANDRA LTDA;Mario Lago;16/09/2025;08:32:57;TEI4C64;ORIGINAL GASOLINA;336,7;6,39;215,15
AUTO POSTO ASA DELTA LTDA;Parada UTGCA 2026;16/09/2025;;TES4I65;ETANOL ;3566;4,39;156,55
AUTO POSTO ASA DELTA LTDA;Parada UTGCA 2026;16/09/2025;;TES4I65;GASOLINA COMUM;9380;6,29;590
AUTO POSTO DO TRABALHO PILAR LTDA;Parada Reduc;16/09/2025;13:23:00;SUN-2F81;ETANOL COMUM;50,301;43,9;220,82
AUTO POSTO DO TRABALHO PILAR LTDA;Parada Reduc;16/09/2025;11:16:00;TCU-7J23;ETANOL COMUM;51,31;43,9;225,25
AUTO POSTO DO TRABALHO PILAR LTDA;Parada Reduc;16/09/2025;16:31:00;SKP-0C57;OLEO DIESEL S10;384,821;58,9;2266,59
POSTO DE GASOLINA ALESSANDRA LTDA;Mario Lago;17/09/2025;14:04:12;RGA3G60;ORIGINAL GASOLINA;326,4;6,39;208,57
POSTO DOS CAVALEIROS LTDA;Plataformas;17/09/2025;17:27:58;RMM5C81;GASOLINA COMUM;420,61;6,59;277,18
ZANIN E VIEIRA LTDA;Manutençao Tres Lagoas;17/09/2025;10:26:16;;GASOLINA COMUM;131,721;6,19;815,35
ZANIN E VIEIRA LTDA;Manutençao Tres Lagoas;17/09/2025;10:26:16;;GASOLINA COMUM;69,65;6,29;438,1
POSTO DE GASOLINA AMIGAO ITABORAI LTDA;Limpeza Gaslub;17/09/2025;18:08:46;SKP8D07;DIESEL S10 COMUM;62;5,99;371,38
POSTO DE GASOLINA AMIGAO ITABORAI LTDA;Limpeza Gaslub;17/09/2025;17:45:14;SKO4B46;GASOLINA SHELL V-POWER;35,389;6,19;219,06
POSTO DE GASOLINA AMIGAO ITABORAI LTDA;Limpeza Gaslub;17/09/2025;10:45:25;RRD4F27;GASOLINA COMUM;21,78;5,99;130,46
POSTO DE GASOLINA AMIGAO ITABORAI LTDA;Limpeza Gaslub;17/09/2025;10:46:15;RRD4F27;GASOLINA SHELL V-POWER;40,489;6,19;250,63
POSTO DOS CAVALEIROS LTDA;Plataformas;18/09/2025;17:37:52;RMY5G19;GASOLINA COMUM;357,41;6,59;235,53
AUTO POSTO ASA DELTA LTDA;Parada UTGCA 2026;18/09/2025;;TES4I65;GASOLINA COMUM;3029;6,29;190,52
AUTO POSTO DO TRABALHO PILAR LTDA;Parada Reduc;18/09/2025;14:47:00;TDG-5J20;ETANOL COMUM;49,201;43,9;215,99
AUTO POSTO DO TRABALHO PILAR LTDA;Parada Reduc;18/09/2025;08:13:00;SKP-8E19;OLEO DIESEL S10;79,211;58,9;466,55
AUTO POSTO DO TRABALHO PILAR LTDA;Parada Reduc;18/09/2025;18:50:00;TPK-7B07;ETANOL COMUM;36,83;43,9;161,68
POSTO DE GASOLINA AMIGAO ITABORAI LTDA;Limpeza Gaslub;18/09/2025;14:22:30;RRD4F27;GASOLINA COMUM;70,599;5,99;422,89
POSTO DE GASOLINA AMIGAO ITABORAI LTDA;Limpeza Gaslub;18/09/2025;18:09:36;RRD4F27;DIESEL COMUM;63,681;5,89;375,08
POSTO DE GASOLINA AMIGAO ITABORAI LTDA;Limpeza Gaslub;18/09/2025;18:09:36;RRD4F27;DIESEL COMUM;63,681;5,89;375,08
POSTO DE GASOLINA ALESSANDRA LTDA;Mario Lago;19/09/2025;08:08:03;TEI4C64;ORIGINAL GASOLINA;260,5;6,39;166,46
POSTO DE GASOLINA ALESSANDRA LTDA;Mario Lago;19/09/2025;08:20:44;RGA3G60;ORIGINAL GASOLINA;424,3;6,39;271,13
POSTO DE GASOLINA ALESSANDRA LTDA;Mario Lago;19/09/2025;12:24:20;KZA8113;ORIGINAL ETANOL;208,77;4,79;100
POSTO DE GASOLINA ALESSANDRA LTDA;Mario Lago;19/09/2025;16:35:00;ATF0816;ORIGINAL GASOLINA;234,74;6,39;150
POSTO DE GASOLINA ALESSANDRA LTDA;Mario Lago;19/09/2025;16:43:02;KPT1B37;ORIGINAL GASOLINA;187,79;6,39;120
POSTO PORTAL DE SUAPE LTDA;Tanques Suape - PE;19/09/2025;;RUO-6I97;GASOLINA COMUM;40,48;6,34;256,64
POSTO PORTAL DE SUAPE LTDA;Tanques Suape - PE;19/09/2025;;TCV-0A93;GASOLINA COMUM;43,311;6,34;274,59
AUTO POSTO DO TRABALHO PILAR LTDA;Parada Reduc;19/09/2025;09:56:00;SUN-2F81;ETANOL COMUM;49,59;43,9;217,7
AUTO POSTO DO TRABALHO PILAR LTDA;Parada Reduc;19/09/2025;09:44:00;KRT-2186;OLEO DIESEL S10;259,6;58,9;1529,04
AUTO POSTO DO TRABALHO PILAR LTDA;Parada Reduc;19/09/2025;20:25:00;TDC-6B07;ETANOL COMUM;31,54;43,9;138,46
AUTO POSTO DO TRABALHO PILAR LTDA;Parada Reduc;19/09/2025;08:57:00;TDC-6B07;GASOLINA COMUM;22,27;57,9;128,94
POSTO DE GASOLINA AMIGAO ITABORAI LTDA;Limpeza Gaslub;19/09/2025;15:26:58;RVI6H54;GASOLINA SHELL V-POWER;38,91;6,19;240,85
POSTO DE GASOLINA AMIGAO ITABORAI LTDA;Limpeza Gaslub;19/09/2025;09:17:59;RRD4F27;GASOLINA SHELL V-POWER;43;6,19;266,17
POSTO DE GASOLINA ALESSANDRA LTDA;Mario Lago;20/09/2025;07:56:55;LOO6J82;ORIGINAL GASOLINA;93,9;6,39;60
AUTO POSTO DO TRABALHO PILAR LTDA;Parada Reduc;20/09/2025;16:46:00;TCU-7J23;ETANOL COMUM;50,921;43,9;223,54
POSTO DE GASOLINA AMIGAO ITABORAI LTDA;Limpeza Gaslub;20/09/2025;14:29:19;RVA2F74;GASOLINA SHELL V-POWER;36,871;6,19;228,23
POSTO DE GASOLINA AMIGAO ITABORAI LTDA;Limpeza Gaslub;20/09/2025;14:29:19;RVA2F74;GASOLINA SHELL V-POWER;36,871;6,19;228,23
POSTO DE GASOLINA ALESSANDRA LTDA;Mario Lago;21/09/2025;11:05:00;RGA3G60;ORIGINAL GASOLINA;334,8;6,39;213,94
AUTO POSTO DO TRABALHO PILAR LTDA;Parada Reduc;21/09/2025;13:32:00;TPK-7B07;ETANOL COMUM;37,411;43,9;164,23
AUTO POSTO DO TRABALHO PILAR LTDA;Parada Reduc;21/09/2025;15:05:00;SUN-2F81;ETANOL COMUM;52,77;43,9;231,66
POSTO DE GASOLINA AMIGAO ITABORAI LTDA;Limpeza Gaslub;21/09/2025;10:42:09;RRD4F27;GASOLINA SHELL V-POWER;38,241;6,19;236,71
POSTO DE GASOLINA AMIGAO ITABORAI LTDA;Limpeza Gaslub;21/09/2025;12:19:48;SKO4B46;GASOLINA SHELL V-POWER;38,501;6,19;238,32
POSTO DE GASOLINA AMIGAO ITABORAI LTDA;Limpeza Gaslub;21/09/2025;10:42:09;RRD4F27;GASOLINA SHELL V-POWER;38,241;6,19;236,71
POSTO DE GASOLINA AMIGAO ITABORAI LTDA;Limpeza Gaslub;21/09/2025;12:19:48;SKO4B46;GASOLINA SHELL V-POWER;38,501;6,19;238,32
POSTO DE GASOLINA ALESSANDRA LTDA;Mario Lago;22/09/2025;10:03:43;TEI4C64;ORIGINAL GASOLINA;198,1;6,39;126,59
POSTO DE GASOLINA ALESSANDRA LTDA;Mario Lago;22/09/2025;16:30:06;ATF0816;ORIGINAL GASOLINA;234,74;6,39;150
POSTO PORTAL DE SUAPE LTDA;Tanques Suape - PE;22/09/2025;;RUO-6I97;DIESEL S10;450;5,79;2605,5
AUTO POSTO ASA DELTA LTDA;Parada UTGCA 2026;22/09/2025;;TES4I64;GASOLINA COMUM;3076;6,29;193,48
AUTO POSTO DO TRABALHO PILAR LTDA;Parada Reduc;22/09/2025;10:14:00;SKP-8E19;OLEO DIESEL S10;71,041;58,9;418,43
POSTO DE GASOLINA AMIGAO ITABORAI LTDA;Limpeza Gaslub;22/09/2025;18:37:17;SKP8D07;DIESEL S10 COMUM;59,391;5,99;355,75
POSTO DE GASOLINA ALESSANDRA LTDA;Mario Lago;23/09/2025;09:46:06;TEI4C64;ORIGINAL GASOLINA;340,9;6,39;217,84
POSTO DE GASOLINA ALESSANDRA LTDA;Mario Lago;23/09/2025;16:35:16;RGA3G60;ORIGINAL GASOLINA;385,9;6,39;246,59
POSTO DOS CAVALEIROS LTDA;Plataformas;23/09/2025;16:13:04;RMY5G19;GASOLINA COMUM;315,41;6,59;207,85
AUTO POSTO DO TRABALHO PILAR LTDA;Parada Reduc;23/09/2025;17:59:00;TDG-5J20;ETANOL COMUM;45,971;43,9;201,81
AUTO POSTO DO TRABALHO PILAR LTDA;Parada Reduc;23/09/2025;09:54:00;KRH-7G99;OLEO DIESEL S10;257,36;58,9;1515,85
AUTO POSTO DO TRABALHO PILAR LTDA;Parada Reduc;23/09/2025;20:37:00;SUN-2F81;ETANOL COMUM;46,711;43,9;205,06
POSTO DE GASOLINA AMIGAO ITABORAI LTDA;Limpeza Gaslub;23/09/2025;17:59:32;RVI6H54;GASOLINA SHELL V-POWER;33,77;5,99;202,28
POSTO DE GASOLINA AMIGAO ITABORAI LTDA;Limpeza Gaslub;23/09/2025;14:43:08;RRD4F27;GASOLINA SHELL V-POWER;33,659;5,99;201,62
POSTO PORTAL DE SUAPE LTDA;Tanques Suape - PE;24/09/2025;;TCV-0A93;GASOLINA COMUM;39,45;6,34;250,11
POSTO PORTAL DE SUAPE LTDA;Tanques Suape - PE;24/09/2025;;RUO-6I97;GASOLINA COMUM;36,569;6,34;231,85
AUTO POSTO DO TRABALHO PILAR LTDA;Parada Reduc;24/09/2025;14:46:00;TPK-7B07;GASOLINA COMUM;39,13;57,9;226,56
AUTO POSTO DO TRABALHO PILAR LTDA;Parada Reduc;24/09/2025;12:03:00;KRT-2186;OLEO DIESEL S10;256,24;58,9;1509,25
AUTO POSTO DO TRABALHO PILAR LTDA;Parada Reduc;24/09/2025;14:51:00;TDC-6B07;ETANOL COMUM;40,31;43,9;176,96
POSTO DE GASOLINA ALESSANDRA LTDA;Mario Lago;25/09/2025;08:42:47;RGA3G60;ORIGINAL GASOLINA;496,2;6,39;317,07
POSTO DE GASOLINA ALESSANDRA LTDA;Mario Lago;25/09/2025;13:54:52;TEI4C64;ORIGINAL GASOLINA;283,4;6,39;181,09
POSTO PORTAL DE SUAPE LTDA;Tanques Suape - PE;25/09/2025;;RUO-6I97;DIESEL S10;450;5,79;2605,5
AUTO POSTO DO TRABALHO PILAR LTDA;Parada Reduc;25/09/2025;15:03:00;TCU-7J23;GASOLINA ADITIVADA;51,191;58,9;301,51
POSTO DE GASOLINA AMIGAO ITABORAI LTDA;Limpeza Gaslub;25/09/2025;13:59:56;RRD4F27;GASOLINA SHELL V-POWER;42,16;5,99;252,54
POSTO DE GASOLINA AMIGAO ITABORAI LTDA;Limpeza Gaslub;25/09/2025;17:54:10;SKO4B46;GASOLINA SHELL V-POWER;37,25;5,99;223,13
POSTO DE GASOLINA AMIGAO ITABORAI LTDA;Limpeza Gaslub;26/09/2025;13:28:20;RRD4F27;DIESEL COMUM;60;5,89;353,4
POSTO DE GASOLINA AMIGAO ITABORAI LTDA;Limpeza Gaslub;26/09/2025;13:18:08;RRD4F27;GASOLINA COMUM;65;5,99;389,35
POSTO DE GASOLINA AMIGAO ITABORAI LTDA;Limpeza Gaslub;26/09/2025;17:51:07;SKP8D07;DIESEL S10 COMUM;63,26;5,99;378,93
POSTO DE GASOLINA AMIGAO ITABORAI LTDA;Limpeza Gaslub;27/09/2025;16:37:24;RRD4F27;GASOLINA SHELL V-POWER;37,771;6,19;233,8
POSTO DE GASOLINA AMIGAO ITABORAI LTDA;Limpeza Gaslub;27/09/2025;08:17:56;RVI6H54;GASOLINA SHELL V-POWER;32,11;6,19;198,76
POSTO DOS CAVALEIROS LTDA;Plataformas;29/09/2025;16:55:51;RMY5G19;GASOLINA COMUM;355,21;6,59;234,08
POSTO PORTAL DE SUAPE LTDA;Tanques Suape - PE;29/09/2025;;RUO-6I97;GASOLINA COMUM;40,45;6,34;256,45
AUTO POSTO DO TRABALHO PILAR LTDA;Parada Reduc;29/09/2025;09:03:00;TPK-7B07;ETANOL COMUM;43,72;43,9;191,93
AUTO POSTO DO TRABALHO PILAR LTDA;Parada Reduc;29/09/2025;10:18:00;TDG-5J20;ETANOL COMUM;40;43,9;175,6
POSTO DE GASOLINA AMIGAO ITABORAI LTDA;Limpeza Gaslub;29/09/2025;12:46:54;RVA2F74;GASOLINA COMUM;33,72;5,99;201,98
POSTO PORTAL DE SUAPE LTDA;Tanques Suape - PE;30/09/2025;;RUO-6I97;DIESEL S10;450;5,79;2605,5
POSTO PORTAL DE SUAPE LTDA;Tanques Suape - PE;30/09/2025;;TCB-0A93;GASOLINA COMUM;45;6,34;285,3
AUTO POSTO ASA DELTA LTDA;Parada UTGCA 2026;30/09/2025;;TIQ5G03;GASOLINA COMUM;4453;6,29;280,09
AUTO POSTO ASA DELTA LTDA;Parada UTGCA 2026;30/09/2025;;TES4I65;GASOLINA COMUM;3275;6,29;206
AUTO POSTO ASA DELTA LTDA;Transpetro Sao Sebastiao;30/09/2025;;TIQ5G03;GASOLINA COMUM;4453;6,29;280,09
POSTO DE GASOLINA AMIGAO ITABORAI LTDA;Limpeza Gaslub;30/09/2025;10:40:18;SKO4B46;GASOLINA SHELL V-POWER;37,069;6,19;229,46
POSTO PORTAL DE SUAPE LTDA;Tanques Suape - PE;01/10/2025;;RUO-6I97;DIESEL S10;450;5,79;2605,5
AUTO POSTO DO TRABALHO PILAR LTDA;Parada Reduc;01/10/2025;08:05:00;TDC-6B07;ETANOL COMUM;44,01;43,9;193,2
AUTO POSTO DO TRABALHO PILAR LTDA;Parada Reduc;01/10/2025;14:35:00;KRT-2186;OLEO DIESEL S10;268,211;59,9;1606,58
AUTO POSTO DO TRABALHO PILAR LTDA;Parada Reduc;01/10/2025;18:26:00;TDG-5J20;GASOLINA COMUM;38,191;58,9;224,94
AUTO POSTO DO TRABALHO PILAR LTDA;Parada Reduc;01/10/2025;09:29:00;SUN-2F81;GASOLINA ADITIVADA;47,9;59,9;286,92
POSTO DE GASOLINA AMIGAO ITABORAI LTDA;Limpeza Gaslub;01/10/2025;14:40:28;RVA2F74;GASOLINA SHELL V-POWER;35,74;6,19;221,23
POSTO DE GASOLINA AMIGAO ITABORAI LTDA;Limpeza Gaslub;01/10/2025;17:57:46;RVI6H54;GASOLINA SHELL V-POWER;36,38;6,19;225,19
POSTO DE GASOLINA AMIGAO ITABORAI LTDA;Limpeza Gaslub;01/10/2025;18:31:38;SKP8D07;DIESEL S10 COMUM;58,669;5,99;351,43
AUTO POSTO ASA DELTA LTDA;Parada UTGCA 2026;02/10/2025;;TIQ5E03;GASOLINA COMUM;2592;6,29;163,04
AUTO POSTO ASA DELTA LTDA;Transpetro Sao Sebastiao;02/10/2025;;TIQ5E03;GASOLINA COMUM;2592;6,29;163,04
AUTO POSTO DO TRABALHO PILAR LTDA;Parada Reduc;02/10/2025;11:32:00;TCU-7J23;GASOLINA COMUM;47,15;58,9;277,71
POSTO PORTAL DE SUAPE LTDA;Tanques Suape - PE;03/10/2025;;RUO-6I97;GASOLINA COMUM;37,281;6,34;236,36
POSTO PORTAL DE SUAPE LTDA;Tanques Suape - PE;03/10/2025;;TCV-0A93;GASOLINA COMUM;35,069;6,34;222,34
AUTO POSTO ASA DELTA LTDA;Parada UTGCA 2026;03/10/2025;;TES4I65;GASOLINA COMUM;17180;6,29;1080,62
AUTO POSTO ASA DELTA LTDA;Parada UTGCA 2026;03/10/2025;;TES4I65;ETANOL ;3282;4,39;144,08
AUTO POSTO ASA DELTA LTDA;Parada UTGCA 2026;03/10/2025;;FKR3G27;ETANOL ;3282;4,39;144,08
AUTO POSTO ASA DELTA LTDA;Parada UTGCA 2026;03/10/2025;;TES4I65;GASOLINA COMUM;4347;6,29;273,43
ZANIN E VIEIRA LTDA;Manutençao Tres Lagoas;03/10/2025;15:36:47;;GASOLINA COMUM;200,51;6,29;1261,21
AUTO POSTO DO TRABALHO PILAR LTDA;Parada Reduc;03/10/2025;09:48:00;SKP-8E19;OLEO DIESEL S10;53,5;59,9;320,46
POSTO DE GASOLINA AMIGAO ITABORAI LTDA;Limpeza Gaslub;03/10/2025;17:47:26;SKO4B46;GASOLINA SHELL V-POWER;41,141;6,19;254,66
AUTO POSTO DO TRABALHO PILAR LTDA;Parada Reduc;04/10/2025;20:18:00;TDC-6B07;ETANOL COMUM;29,511;43,9;129,55
POSTO DE GASOLINA AMIGAO ITABORAI LTDA;Limpeza Gaslub;04/10/2025;13:33:30;RRD4F27;DIESEL COMUM;43,82;5,89;258,1
POSTO DE GASOLINA AMIGAO ITABORAI LTDA;Limpeza Gaslub;04/10/2025;13:23:50;RRD4F27;GASOLINA COMUM;78,11;5,99;467,88
POSTO DE GASOLINA AMIGAO ITABORAI LTDA;Limpeza Gaslub;04/10/2025;06:44:29;RRD4F27;GASOLINA SHELL V-POWER;42,32;6,19;261,96
POSTO PORTAL DE SUAPE LTDA;Tanques Suape - PE;06/10/2025;;RUO-6I97;DIESEL S10;450;5,79;2605,5
AUTO POSTO ASA DELTA LTDA;Parada UTGCA 2026;06/10/2025;;TIQ5E03;GASOLINA COMUM;3291;6,29;207
AUTO POSTO ASA DELTA LTDA;Transpetro Sao Sebastiao;06/10/2025;;TIQ5E03;GASOLINA COMUM;3291;6,29;207
POSTO DE GASOLINA AMIGAO ITABORAI LTDA;Limpeza Gaslub;06/10/2025;17:36:19;RVI6H54;GASOLINA COMUM;38,351;5,99;229,72
POSTO DE GASOLINA AMIGAO ITABORAI LTDA;Limpeza Gaslub;06/10/2025;15:52:06;RVA2F74;GASOLINA COMUM;37,98;5,99;227,5
POSTO PORTAL DE SUAPE LTDA;Tanques Suape - PE;07/10/2025;;RUO-6I97;DIESEL S10;450;5,79;2605,5
AUTO POSTO ASA DELTA LTDA;Parada UTGCA 2026;07/10/2025;;TIQ5E03;GASOLINA COMUM;2021;6,29;127,12
AUTO POSTO ASA DELTA LTDA;Parada UTGCA 2026;07/10/2025;;TES4I65;GASOLINA COMUM;2445;6,29;153,79
AUTO POSTO ASA DELTA LTDA;Transpetro Sao Sebastiao;07/10/2025;;TIQ5E03;GASOLINA COMUM;2021;6,29;127,12
AUTO POSTO DO TRABALHO PILAR LTDA;Parada Reduc;07/10/2025;19:44:00;TDG-5J20;ETANOL COMUM;41,461;43,9;182,01
AUTO POSTO DO TRABALHO PILAR LTDA;Parada Reduc;07/10/2025;09:08:00;SKP-9H95;OLEO DIESEL S10;439,77;59,9;2634,22
AUTO POSTO DO TRABALHO PILAR LTDA;Parada Reduc;07/10/2025;16:19:00;SUN-2F81;ETANOL COMUM;45,44;43,9;199,48
POSTO DE GASOLINA AMIGAO ITABORAI LTDA;Limpeza Gaslub;07/10/2025;10:27:02;RRD4F27;GASOLINA SHELL V-POWER;46,62;6,19;288,58
POSTO DE GASOLINA AMIGAO ITABORAI LTDA;Limpeza Gaslub;07/10/2025;18:37:36;SKP8D07;DIESEL S10 COMUM;77,99;5,99;467,16
POSTO PORTAL DE SUAPE LTDA;Tanques Suape - PE;08/10/2025;;RUO-6I97;GASOLINA COMUM;39,431;6,34;249,99
AUTO POSTO DO TRABALHO PILAR LTDA;Parada Reduc;08/10/2025;08:59:00;TCU-7J23;ETANOL COMUM;55,13;43,9;242,02
AUTO POSTO DO TRABALHO PILAR LTDA;Parada Reduc;08/10/2025;17:56:00;TDC-6B07;ETANOL COMUM;36,77;43,9;161,42
POSTO DE GASOLINA AMIGAO ITABORAI LTDA;Limpeza Gaslub;08/10/2025;09:10:38;TTF6C50;DIESEL S10 COMUM;188,599;5,99;1129,71
POSTO PORTAL DE SUAPE LTDA;Tanques Suape - PE;09/10/2025;;TCV-0A93;GASOLINA COMUM;44,039;6,34;279,21
AUTO POSTO ASA DELTA LTDA;Parada UTGCA 2026;09/10/2025;;TIQ5E03;GASOLINA COMUM;3116;6,29;196
AUTO POSTO ASA DELTA LTDA;Parada UTGCA 2026;09/10/2025;;TES4I65;GASOLINA COMUM;3318;6,29;208,7
AUTO POSTO ASA DELTA LTDA;Transpetro Sao Sebastiao;09/10/2025;;TIQ5E03;GASOLINA COMUM;3116;6,29;196
AUTO POSTO DO TRABALHO PILAR LTDA;Parada Reduc;09/10/2025;07:32:00;TPK-7B07;ETANOL COMUM;47,549;43,9;208,74
AUTO POSTO DO TRABALHO PILAR LTDA;Parada Reduc;09/10/2025;22:41:00;SKP-8E19;OLEO DIESEL S10;42,84;60,4;258,75
POSTO DE GASOLINA AMIGAO ITABORAI LTDA;Limpeza Gaslub;09/10/2025;02:12:25;SKO4B46;GASOLINA SHELL V-POWER;37,3;6,19;230,89
POSTO PORTAL DE SUAPE LTDA;Tanques Suape - PE;10/10/2025;;RUO-6I97;DIESEL S10;450;5,79;2605,5
AUTO POSTO DO TRABALHO PILAR LTDA;Parada Reduc;10/10/2025;17:15:00;SUN-2F81;ETANOL COMUM;42,57;43,9;186,88
AUTO POSTO DO TRABALHO PILAR LTDA;Parada Reduc;10/10/2025;19:18:00;TCU-7J23;GASOLINA ADITIVADA;34,64;60,5;209,57
AUTO POSTO DO TRABALHO PILAR LTDA;Parada Reduc;10/10/2025;14:35:00;KRT-2186;OLEO DIESEL S10;232,01;60,4;1401,34
POSTO DE GASOLINA AMIGAO ITABORAI LTDA;Limpeza Gaslub;10/10/2025;17:10:37;RRD4F27;GASOLINA COMUM;37,619;5,99;225,34
POSTO DE GASOLINA AMIGAO ITABORAI LTDA;Limpeza Gaslub;11/10/2025;14:11:50;RVA2F74;GASOLINA COMUM;38,75;5,99;232,11
POSTO DE GASOLINA AMIGAO ITABORAI LTDA;Limpeza Gaslub;11/10/2025;08:52:38;RVI6H54;GASOLINA COMUM;39,17;5,99;234,63
POSTO PORTAL DE SUAPE LTDA;Tanques Suape - PE;13/10/2025;;RRE-7I66;ARLA 32 GRANEL;1;140;140
POSTO PORTAL DE SUAPE LTDA;Tanques Suape - PE;13/10/2025;;RRE-7I66;DIESEL S10;237,53;5,79;1375,3
POSTO PORTAL DE SUAPE LTDA;Tanques Suape - PE;13/10/2025;;TCV-0A96;GASOLINA COMUM;42,599;6,34;270,08
POSTO PORTAL DE SUAPE LTDA;Tanques Suape - PE;13/10/2025;;RUO-6I97;GASOLINA COMUM;39,01;6,34;247,32
AUTO POSTO ASA DELTA LTDA;Parada UTGCA 2026;13/10/2025;;TIQ5E03;GASOLINA COMUM;2950;6,29;185,56
AUTO POSTO ASA DELTA LTDA;Parada UTGCA 2026;13/10/2025;;TES4I65;GASOLINA COMUM;3710;6,29;233,37
AUTO POSTO ASA DELTA LTDA;Transpetro Sao Sebastiao;13/10/2025;;TIQ5E03;GASOLINA COMUM;2950;6,29;185,56
AUTO POSTO DO TRABALHO PILAR LTDA;Parada Reduc;13/10/2025;13:46:00;SUN-2F81;ETANOL COMUM;47,959;43,9;210,54
AUTO POSTO DO TRABALHO PILAR LTDA;Parada Reduc;13/10/2025;17:42:00;TDC-6B07;ETANOL COMUM;29,31;43,9;128,67
AUTO POSTO DO TRABALHO PILAR LTDA;Parada Reduc;13/10/2025;15:36:00;TDG-5J20;GASOLINA ADITIVADA;43,09;60,5;260,69
AUTO POSTO DO TRABALHO PILAR LTDA;Parada Reduc;13/10/2025;17:47:00;SKP-8E19;OLEO DIESEL S10;46,241;60,4;279,29
POSTO PORTAL DE SUAPE LTDA;Tanques Suape - PE;14/10/2025;;RUO-6I97;DIESEL S10;450;5,79;2605,5
AUTO POSTO ASA DELTA LTDA;Parada UTGCA 2026;14/10/2025;;TIQ5E03;GASOLINA COMUM;2650;6,29;166,69
AUTO POSTO ASA DELTA LTDA;Transpetro Sao Sebastiao;14/10/2025;;TIQ5E03;GASOLINA COMUM;2650;6,29;166,69
AUTO POSTO DO TRABALHO PILAR LTDA;Parada Reduc;14/10/2025;12:13:00;TCU-7J23;ETANOL COMUM;45,561;43,9;200,01
POSTO DE GASOLINA AMIGAO ITABORAI LTDA;Limpeza Gaslub;14/10/2025;09:41:02;SKO4B46;GASOLINA SHELL V-POWER;38,99;5,99;233,55
POSTO DE GASOLINA AMIGAO ITABORAI LTDA;Limpeza Gaslub;14/10/2025;14:09:19;RRD4F27;GASOLINA SHELL V-POWER;50,01;5,99;299,56
POSTO DE GASOLINA AMIGAO ITABORAI LTDA;Limpeza Gaslub;14/10/2025;18:57:13;SKP8D07;DIESEL S10 COMUM;69,77;5,99;417,92
POSTO PORTAL DE SUAPE LTDA;Tanques Suape - PE;15/10/2025;;TCV-0A93;GASOLINA COMUM;43,099;6,34;273,25
AUTO POSTO ASA DELTA LTDA;Parada UTGCA 2026;15/10/2025;;TES4I65;GASOLINA COMUM;3360;6,29;211,34
AUTO POSTO DO TRABALHO PILAR LTDA;Parada Reduc;15/10/2025;11:12:00;TPK-7B07;ETANOL COMUM;48,13;43,9;211,29
AUTO POSTO DO TRABALHO PILAR LTDA;Parada Reduc;15/10/2025;16:01:00;SKP-8E19;OLEO DIESEL S10;78,701;60,4;475,35
AUTO POSTO DO TRABALHO PILAR LTDA;Parada Reduc;15/10/2025;08:18:00;KRH-7G99;OLEO DIESEL S10;253,381;60,4;1530,42
POSTO DE GASOLINA AMIGAO ITABORAI LTDA;Limpeza Gaslub;15/10/2025;15:01:09;RRD4F27;DIESEL COMUM;66,91;5,89;394,1
POSTO DE GASOLINA AMIGAO ITABORAI LTDA;Limpeza Gaslub;15/10/2025;14:53:19;RRD4F27;GASOLINA COMUM;65,89;5,99;394,68
POSTO DOS CAVALEIROS LTDA;Plataformas;16/10/2025;10:55:09;RMM5C81;GASOLINA COMUM;437,2;6,59;288,11
POSTO PORTAL DE SUAPE LTDA;Tanques Suape - PE;16/10/2025;;RUO-6I97;DIESEL S10;450;5,79;2605,5
POSTO PORTAL DE SUAPE LTDA;Tanques Suape - PE;16/10/2025;;RUO-6I97;GASOLINA COMUM;39,85;6,34;252,65
AUTO POSTO ASA DELTA LTDA;Parada UTGCA 2026;16/10/2025;;TIQ5E03;GASOLINA COMUM;2621;6,29;164,86
AUTO POSTO ASA DELTA LTDA;Transpetro Sao Sebastiao;16/10/2025;;TIQ5E03;GASOLINA COMUM;2621;6,29;164,86
AUTO POSTO DO TRABALHO PILAR LTDA;Parada Reduc;16/10/2025;14:01:00;SUN-2F81;ETANOL COMUM;40,49;43,9;177,75
POSTO DE GASOLINA AMIGAO ITABORAI LTDA;Limpeza Gaslub;16/10/2025;14:14:03;RVI6H54;GASOLINA COMUM;37,92;5,99;227,14
POSTO DOS CAVALEIROS LTDA;Plataformas;17/10/2025;15:40:33;RMY5G19;GASOLINA COMUM;359,81;6,59;237,11
AUTO POSTO ASA DELTA LTDA;Parada UTGCA 2026;17/10/2025;;TES4I65;GASOLINA COMUM;3180;6,29;200,02
AUTO POSTO ASA DELTA LTDA;Parada UTGCA 2026;17/10/2025;;TES4I65;GASOLINA COMUM;3180;6,29;200,02
AUTO POSTO ASA DELTA LTDA;Transpetro Sao Sebastiao;17/10/2025;;SKP0C57;OLEO DIESEL B S-10 ;23055;6,39;1473,21
AUTO POSTO ASA DELTA LTDA;Transpetro Sao Sebastiao;17/10/2025;;FPW8G23;OLEO DIESEL B S-10 ;40000;6,39;2556
AUTO POSTO ASA DELTA LTDA;Transpetro Sao Sebastiao;17/10/2025;;FPW8G23;ARLA 32 - 20 LITROS;300;180;540
AUTO POSTO ASA DELTA LTDA;Transpetro Sao Sebastiao;17/10/2025;;FPW8G23;ARLA 32 - 20 LITROS;100;180;180
ZANIN E VIEIRA LTDA;Manutençao Tres Lagoas;17/10/2025;15:40:28;;GASOLINA COMUM;208,97;6,29;1314,42
AUTO POSTO DO TRABALHO PILAR LTDA;Parada Reduc;17/10/2025;18:23:00;TDG-5J20;GASOLINA COMUM;43,8;59,5;260,61
AUTO POSTO DO TRABALHO PILAR LTDA;Parada Reduc;17/10/2025;16:32:00;SKP-8E19;OLEO DIESEL S10;64,141;60,4;387,41
POSTO DE GASOLINA AMIGAO ITABORAI LTDA;Limpeza Gaslub;17/10/2025;14:24:24;RVA2F74;GASOLINA COMUM;35,76;5,99;214,2
AUTO POSTO DO TRABALHO PILAR LTDA;Parada Reduc;18/10/2025;15:45:00;TDC-6B07;GASOLINA ADITIVADA;41,64;60,5;251,92
POSTO DE GASOLINA AMIGAO ITABORAI LTDA;Limpeza Gaslub;18/10/2025;08:40:31;SKO4B46;GASOLINA SHELL V-POWER;40,78;6,19;252,43
POSTO DE GASOLINA AMIGAO ITABORAI LTDA;Limpeza Gaslub;19/10/2025;16:39:54;RRD4F27;GASOLINA SHELL V-POWER;47,38;6,19;293,28
POSTO PORTAL DE SUAPE LTDA;Tanques Suape - PE;20/10/2025;;RUO-6I97;GASOLINA COMUM;25;6,52;163
POSTO PORTAL DE SUAPE LTDA;Tanques Suape - PE;20/10/2025;;TCV-0A97;ETANOL HIDRATADO;40,801;4,92;200,74
AUTO POSTO ASA DELTA LTDA;Transpetro Sao Sebastiao;20/10/2025;;TIQ5E03;GASOLINA COMUM;2812;6,29;176,87
AUTO POSTO DO TRABALHO PILAR LTDA;Parada Reduc;20/10/2025;08:09:00;TPK-7B07;ETANOL COMUM;34,281;43,9;150,49
POSTO DE GASOLINA AMIGAO ITABORAI LTDA;Limpeza Gaslub;20/10/2025;17:30:50;SKP8D07;DIESEL S10 COMUM;70,72;5,99;423,61
POSTO PORTAL DE SUAPE LTDA;Tanques Suape - PE;21/10/2025;;RUO-6I97;DIESEL S10;450;5,79;2605,5
POSTO PORTAL DE SUAPE LTDA;Tanques Suape - PE;21/10/2025;;RUO-6I97;GASOLINA COMUM;35,66;6,52;232,5
POSTO PORTAL DE SUAPE LTDA;Tanques Suape - PE;21/10/2025;;RUO-6I97;GASOLINA COMUM;40;6,52;260,8
AUTO POSTO ASA DELTA LTDA;Parada UTGCA 2026;21/10/2025;;TES4I65;GASOLINA COMUM;4145;6,29;260,72
AUTO POSTO ASA DELTA LTDA;Parada UTGCA 2026;21/10/2025;;TEP5A99;GASOLINA COMUM;4110;6,29;258,53
AUTO POSTO ASA DELTA LTDA;Parada UTGCA 2026;21/10/2025;;TES4I65;GASOLINA COMUM;4145;6,29;260,72
AUTO POSTO ASA DELTA LTDA;Parada UTGCA 2026;21/10/2025;;TEP5A99;GASOLINA COMUM;4110;6,29;258,53
AUTO POSTO DO TRABALHO PILAR LTDA;Parada Reduc;21/10/2025;09:56:00;TCU-7J23;ETANOL COMUM;49,021;43,9;215,2
AUTO POSTO DO TRABALHO PILAR LTDA;Parada Reduc;21/10/2025;08:46:00;SUN-2F81;ETANOL COMUM;49,791;43,9;218,58
POSTO DE GASOLINA AMIGAO ITABORAI LTDA;Limpeza Gaslub;21/10/2025;13:21:26;RVI6H54;GASOLINA COMUM;39,95;5,99;239,3
POSTO PORTAL DE SUAPE LTDA;Tanques Suape - PE;22/10/2025;;TCV-0A93;GASOLINA COMUM;37,261;6,52;242,94
AUTO POSTO ASA DELTA LTDA;Parada UTGCA 2026;22/10/2025;;TEA2F36;ETANOL ;4395;4,39;192,94
AUTO POSTO ASA DELTA LTDA;Parada UTGCA 2026;22/10/2025;;TIQ5E03;GASOLINA COMUM;4035;6,29;253,8
AUTO POSTO ASA DELTA LTDA;Transpetro Sao Sebastiao;22/10/2025;;TIQ5E03;GASOLINA COMUM;4035;6,29;253,8
AUTO POSTO ASA DELTA LTDA;Transpetro Sao Sebastiao;22/10/2025;;SKP6B48;OLEO DIESEL B S-10 ;7834;6,39;500,59
AUTO POSTO ASA DELTA LTDA;Parada UTGCA 2026;22/10/2025;;TEA2F36;ETANOL ;4395;4,39;192,94
AUTO POSTO DO TRABALHO PILAR LTDA;Parada Reduc;22/10/2025;14:31:00;KRT-2186;OLEO DIESEL S10;248,28;60,4;1499,61
AUTO POSTO DO TRABALHO PILAR LTDA;Parada Reduc;22/10/2025;15:07:00;TPK-7B07;ETANOL COMUM;40,42;43,9;177,44
AUTO POSTO DO TRABALHO PILAR LTDA;Parada Reduc;22/10/2025;19:05:00;SUN-2F81;GASOLINA ADITIVADA;38,86;60,5;235,1
POSTO DE GASOLINA AMIGAO ITABORAI LTDA;Limpeza Gaslub;22/10/2025;15:39:38;RVA2F74;GASOLINA COMUM;40,589;5,99;243,13
POSTO PORTAL DE SUAPE LTDA;Tanques Suape - PE;23/10/2025;;RUO-6I97;DIESEL S10;450;5,79;2605,5
POSTO PORTAL DE SUAPE LTDA;Tanques Suape - PE;23/10/2025;;RUO-6I97;GASOLINA COMUM;40,85;6,52;266,34
AUTO POSTO DO TRABALHO PILAR LTDA;Parada Reduc;23/10/2025;16:07:00;SUN-2F81;ETANOL COMUM;45,729;43,9;200,75
AUTO POSTO DO TRABALHO PILAR LTDA;Parada Reduc;23/10/2025;14:11:00;SKP-8E19;OLEO DIESEL S10;79,701;60,4;481,39
AUTO POSTO DO TRABALHO PILAR LTDA;Parada Reduc;23/10/2025;19:21:00;TDG-5J20;ETANOL COMUM;42,42;43,9;186,22
POSTO DE GASOLINA AMIGAO ITABORAI LTDA;Limpeza Gaslub;23/10/2025;09:00:09;SKO4B46;GASOLINA SHELL V-POWER;37,64;6,19;232,99
POSTO DOS CAVALEIROS LTDA;Plataformas;24/10/2025;11:09:17;RMY5G19;GASOLINA COMUM;376,71;6,59;248,25
POSTO PORTAL DE SUAPE LTDA;Tanques Suape - PE;24/10/2025;;RRE-7I66;DIESEL S10;150;5,79;868,5
AUTO POSTO ASA DELTA LTDA;Parada UTGCA 2026;24/10/2025;;TIQ5E03;GASOLINA COMUM;4276;6,29;268,96
AUTO POSTO ASA DELTA LTDA;Transpetro Sao Sebastiao;24/10/2025;;TIQ5E03;GASOLINA COMUM;4276;6,29;268,96
POSTO DE GASOLINA AMIGAO ITABORAI LTDA;Limpeza Gaslub;24/10/2025;14:35:13;RVA2F74;GASOLINA SHELL V-POWER;28,58;6,19;176,91
POSTO DE GASOLINA AMIGAO ITABORAI LTDA;Limpeza Gaslub;24/10/2025;14:31:17;RRD4F27;GASOLINA SHELL V-POWER;46,62;6,19;288,58
AUTO POSTO DO TRABALHO PILAR LTDA;Parada Reduc;25/10/2025;12:13:00;TPK-7B07;ETANOL COMUM;36,051;43,9;158,26
AUTO POSTO DO TRABALHO PILAR LTDA;Parada Reduc;25/10/2025;13:31:00;TDC-6B07;GASOLINA COMUM;41,701;59,5;248,12
AUTO POSTO DO TRABALHO PILAR LTDA;Parada Reduc;26/10/2025;06:33:00;SKP-9H95;OLEO DIESEL S10;373,921;60,4;2258,48
AUTO POSTO DO TRABALHO PILAR LTDA;Parada Reduc;26/10/2025;15:02:00;SUN-2F81;GASOLINA COMUM;48,76;59,5;290,12
AUTO POSTO DO TRABALHO PILAR LTDA;Parada Reduc;26/10/2025;13:03:00;TCU-7J23;GASOLINA COMUM;41,98;59,5;249,78
POSTO DE GASOLINA AMIGAO ITABORAI LTDA;Limpeza Gaslub;26/10/2025;08:20:20;RVI6H54;GASOLINA COMUM;40,13;5,99;240,38
AUTO POSTO ASA DELTA LTDA;Parada UTGCA 2026;27/10/2025;;TES4I65;GASOLINA COMUM;3483;6,29;219,08
AUTO POSTO ASA DELTA LTDA;Parada UTGCA 2026;27/10/2025;;TES4I65;GASOLINA COMUM;3483;6,29;219,08
AUTO POSTO ASA DELTA LTDA;Transpetro Sao Sebastiao;27/10/2025;;TDC5D24;ETANOL ;1966;4,39;86,31
AUTO POSTO DO TRABALHO PILAR LTDA;Parada Reduc;27/10/2025;14:17:00;TDG-5J20;ETANOL COMUM;46,331;43,9;203,39
AUTO POSTO DO TRABALHO PILAR LTDA;Parada Reduc;27/10/2025;09:40:00;KRT-2186;OLEO DIESEL S10;246,921;60,4;1491,4
POSTO DOS CAVALEIROS LTDA;Plataformas;28/10/2025;17:33:44;RMM5C81;GASOLINA COMUM;419,31;6,59;276,32
AUTO POSTO NOVA AMIZADE DE PAULINIA LTDA;Parada Replan;28/10/2025;;TDH-4D03;ETANOL COMUM;52,795;3,99;210,65
AUTO POSTO ASA DELTA LTDA;Parada UTGCA 2026;28/10/2025;;TIJ1I33;ETANOL ;4298;4,39;188,68
AUTO POSTO ASA DELTA LTDA;Parada UTGCA 2026;28/10/2025;;TIQ5E03;GASOLINA COMUM;3434;6,29;216
AUTO POSTO ASA DELTA LTDA;Transpetro Sao Sebastiao;28/10/2025;;TIQ5E03;GASOLINA COMUM;3434;6,29;216
AUTO POSTO ASA DELTA LTDA;Parada UTGCA 2026;28/10/2025;;TIJ1I33;ETANOL ;4298;4,39;188,68
AUTO POSTO DO TRABALHO PILAR LTDA;Parada Reduc;28/10/2025;14:54:00;SKP-8E19;OLEO DIESEL S10;75,25;60,4;454,51
POSTO DE GASOLINA AMIGAO ITABORAI LTDA;Limpeza Gaslub;28/10/2025;10:26:40;RRD4F27;GASOLINA COMUM;90,91;5,99;544,55
POSTO DE GASOLINA AMIGAO ITABORAI LTDA;Limpeza Gaslub;28/10/2025;10:27:40;RRD4F27;GASOLINA SHELL V-POWER;44,539;5,99;266,79
POSTO DE GASOLINA AMIGAO ITABORAI LTDA;Limpeza Gaslub;28/10/2025;10:06:48;RVA2F74;GASOLINA COMUM;39,97;5,99;239,42
POSTO DE GASOLINA AMIGAO ITABORAI LTDA;Limpeza Gaslub;28/10/2025;10:29:52;LLL0101;DIESEL COMUM;22,329;5,89;131,52
POSTO DOS CAVALEIROS LTDA;Plataformas;29/10/2025;17:45:18;RMY5G19;GASOLINA COMUM;315,8;6,59;208,11
AUTO POSTO NOVA AMIZADE DE PAULINIA LTDA;Parada Replan;29/10/2025;;TPK-7B07;ETANOL COMUM;42,684;3,99;170,3
AUTO POSTO ASA DELTA LTDA;Parada UTGCA 2026;29/10/2025;;TES4I65;GASOLINA COMUM;4092;6,29;257,39
AUTO POSTO ASA DELTA LTDA;Parada UTGCA 2026;29/10/2025;;TES4I65;GASOLINA COMUM;4092;6,29;257,39
AUTO POSTO DO TRABALHO PILAR LTDA;Parada Reduc;29/10/2025;12:33:00;SUN-2F81;ETANOL COMUM;42,6;43,9;187,01
AUTO POSTO NOVA AMIZADE DE PAULINIA LTDA;Parada Replan;30/10/2025;;;ETANOL COMUM;42,677;3,99;170,28
AUTO POSTO DO TRABALHO PILAR LTDA;Parada Reduc;30/10/2025;20:34:00;TCU-7J23;GASOLINA COMUM;45,9;59,5;273,1
AUTO POSTO DO TRABALHO PILAR LTDA;Parada Reduc;30/10/2025;09:30:00;TDC-6B07;GASOLINA ADITIVADA;33,45;60,5;202,37
AUTO POSTO DO TRABALHO PILAR LTDA;Parada Reduc;30/10/2025;12:14:00;TDG-5J20;ETANOL COMUM;46;43,9;201,94
POSTO DE GASOLINA AMIGAO ITABORAI LTDA;Limpeza Gaslub;30/10/2025;18:37:07;SKP8D07;DIESEL S10 COMUM;70,609;5,99;422,95
AUTO POSTO ASA DELTA LTDA;Transpetro Sao Sebastiao;31/10/2025;;TIQ5E03;GASOLINA COMUM;3508;6,29;220,65
AUTO POSTO ASA DELTA LTDA;Transpetro Sao Sebastiao;31/10/2025;;SKP0C57;OLEO DIESEL B S-10 ;45836;6,39;2928,92
AUTO POSTO ASA DELTA LTDA;Transpetro Sao Sebastiao;31/10/2025;;SKP6B48;OLEO DIESEL B S-10 ;8025;6,39;512,8
AUTO POSTO ASA DELTA LTDA;Transpetro Sao Sebastiao;31/10/2025;;SPK6B48;ARLA 32 - 20 LITROS;100;180;180
AUTO POSTO DO TRABALHO PILAR LTDA;Parada Reduc;31/10/2025;19:03:00;TCU-7J23;GASOLINA ADITIVADA;27,45;60,5;166,07
AUTO POSTO DO TRABALHO PILAR LTDA;Parada Reduc;31/10/2025;10:15:00;KRT-2186;OLEO DIESEL S10;231,37;60,4;1397,47
POSTO DE GASOLINA AMIGAO ITABORAI LTDA;Limpeza Gaslub;31/10/2025;16:48:33;SKO4B46;GASOLINA SHELL V-POWER;39,18;5,99;234,69
POSTO DE GASOLINA AMIGAO ITABORAI LTDA;Limpeza Gaslub;31/10/2025;12:27:36;RVA2F74;GASOLINA SHELL V-POWER;39,19;5,99;234,75
AUTO POSTO DO TRABALHO PILAR LTDA;Parada Reduc;01/11/2025;10:16:00;SUN-2F81;GASOLINA COMUM;44;59,5;261,8
POSTO DE GASOLINA AMIGAO ITABORAI LTDA;Limpeza Gaslub;01/11/2025;09:40:10;RRD4F27;UNIX 2T 500 ML;10;19,9;199
POSTO DE GASOLINA AMIGAO ITABORAI LTDA;Limpeza Gaslub;01/11/2025;09:31:14;RRD4F27;GASOLINA SHELL V-POWER;50,06;6,19;309,87
POSTO DE GASOLINA ALESSANDRA LTDA;Mario Lago;02/11/2025;04:58:58;TEI4C64;ORIGINAL GASOLINA;331,8;6,39;212,02
POSTO DE GASOLINA ALESSANDRA LTDA;Mario Lago;02/11/2025;05:51:34;LOV3273;ORIGINAL GASOLINA;109,55;6,39;70
POSTO DE GASOLINA ALESSANDRA LTDA;Mario Lago;03/11/2025;10:22:46;RGA3G60;ORIGINAL GASOLINA;449,2;6,39;287,04
POSTO DE GASOLINA ALESSANDRA LTDA;Mario Lago;03/11/2025;10:23:22;RGA3G60;LAMPADA PHILLIPS P21 5W1034 12V;10;8;8
AUTO POSTO ASA DELTA LTDA;Transpetro Sao Sebastiao;03/11/2025;;SKP6B48;LAV.CAMINHAO TOCO;100;250;250
AUTO POSTO ASA DELTA LTDA;Transpetro Sao Sebastiao;03/11/2025;;TIQ5E03;GASOLINA COMUM;4113;6,29;258,71
AUTO POSTO DO TRABALHO PILAR LTDA;Parada Reduc;03/11/2025;19:46:00;TCU-7J23;GASOLINA COMUM;43,701;59,5;260,02
AUTO POSTO DO TRABALHO PILAR LTDA;Parada Reduc;03/11/2025;18:19:00;TDG-5J20;ETANOL COMUM;44,711;43,9;196,28
AUTO POSTO DO TRABALHO PILAR LTDA;Parada Reduc;03/11/2025;06:53:00;TDC-6B07;GASOLINA COMUM;40,681;59,5;242,05
AUTO POSTO DO TRABALHO PILAR LTDA;Parada Reduc;03/11/2025;13:25:00;SUN-2F81;GASOLINA COMUM;40,99;59,5;243,89
AUTO POSTO DO TRABALHO PILAR LTDA;Parada Reduc;03/11/2025;15:08:00;SKP-8E19;OLEO DIESEL S10;78,391;60,4;473,48
AUTO POSTO DO TRABALHO PILAR LTDA;Parada Reduc;03/11/2025;18:16:00;TPK-7B07;ETANOL COMUM;43,071;43,9;189,08
POSTO DE GASOLINA ALESSANDRA LTDA;Mario Lago;04/11/2025;09:05:07;TEI4C64;ORIGINAL GASOLINA;282,5;6,39;180,52
POSTO DE GASOLINA ALESSANDRA LTDA;Mario Lago;04/11/2025;13:56:34;LMX2F82;ORIGINAL DIESEL B S-10;452,7;6,74;305,12
POSTO PORTAL DE SUAPE LTDA;Tanques Suape - PE;04/11/2025;;RUO-6I97;GASOLINA COMUM;36,24;6,42;232,66
POSTO PORTAL DE SUAPE LTDA;Tanques Suape - PE;04/11/2025;;TCV-0A93;ETANOL HIDRATADO;45,781;4,92;225,24
POSTO PORTAL DE SUAPE LTDA;Tanques Suape - PE;04/11/2025;;RRE-7I66;DIESEL S10;150;5,79;868,5
AUTO POSTO ASA DELTA LTDA;Parada UTGCA 2026;04/11/2025;;TXI4A14;GASOLINA COMUM;3593;6,29;226
AUTO POSTO ASA DELTA LTDA;Parada UTGCA 2026;04/11/2025;;TEJ1I33;GASOLINA COMUM;4172;6,29;262,43
AUTO POSTO ASA DELTA LTDA;Parada UTGCA 2026;04/11/2025;;TEP5A99;GASOLINA COMUM;3816;6,29;240,03
AUTO POSTO ASA DELTA LTDA;Transpetro Sao Sebastiao;04/11/2025;;TXI4A14;GASOLINA COMUM;3593;6,29;226,01
ZANIN E VIEIRA LTDA;Manutençao Tres Lagoas;04/11/2025;15:26:34;;GASOLINA COMUM;129,879;6,19;803,95
ZANIN E VIEIRA LTDA;Manutençao Tres Lagoas;04/11/2025;15:26:34;;DIESEL S10;113;6,69;755,97
ZANIN E VIEIRA LTDA;Manutençao Tres Lagoas;04/11/2025;15:26:34;;DIESEL S 500;450;6,54;2943
ZANIN E VIEIRA LTDA;Manutençao Tres Lagoas;04/11/2025;15:26:34;;GASOLINA COMUM;116,48;6,29;732,66
AUTO POSTO DO TRABALHO PILAR LTDA;Parada Reduc;04/11/2025;08:08:00;KRH-7G99;OLEO DIESEL S10;260,83;60,4;1575,41
POSTO DE GASOLINA AMIGAO ITABORAI LTDA;Limpeza Gaslub;04/11/2025;17:44:07;RVA2F74;GASOLINA COMUM;35,491;5,99;212,59
POSTO DE GASOLINA ALESSANDRA LTDA;Mario Lago;05/11/2025;06:58:57;TEI4C64;ORIGINAL GASOLINA;160,4;6,39;102,5
POSTO DE GASOLINA ALESSANDRA LTDA;Mario Lago;05/11/2025;08:57:47;ATF0816;ORIGINAL GASOLINA;234,74;6,39;150
POSTO DE GASOLINA ALESSANDRA LTDA;Mario Lago;05/11/2025;11:55:10;RGA3G60;ORIGINAL GASOLINA;512,3;6,39;327,36
POSTO DOS CAVALEIROS LTDA;Plataformas;05/11/2025;17:46:36;RMY5G19;GASOLINA COMUM;361,2;6,59;238,03
AUTO POSTO NOVA AMIZADE DE PAULINIA LTDA;Parada Replan;05/11/2025;;TDH-4D03;ETANOL COMUM;50,985;3,99;203,43
AUTO POSTO ASA DELTA LTDA;Parada UTGCA 2026;05/11/2025;;TES4I65;GASOLINA COMUM;4291;6,29;269,9
AUTO POSTO ASA DELTA LTDA;Transpetro Sao Sebastiao;05/11/2025;;SKP6B48;OLEO DIESEL;319;6,29;20,07
AUTO POSTO ASA DELTA LTDA;Transpetro Sao Sebastiao;05/11/2025;;SKP6B48;LAV.CAMINHAO TOCO;100;250;250
AUTO POSTO ASA DELTA LTDA;Transpetro Sao Sebastiao;05/11/2025;;QWJ2F23;OLEO DIESEL;240;6,29;15,1
AUTO POSTO ASA DELTA LTDA;Transpetro Sao Sebastiao;05/11/2025;;SYS6J23;GASOLINA COMUM;5247;6,29;330,04
AUTO POSTO DO TRABALHO PILAR LTDA;Parada Reduc;05/11/2025;17:40:00;SUN-2F81;ETANOL COMUM;50,21;43,9;220,42
AUTO POSTO DO TRABALHO PILAR LTDA;Parada Reduc;05/11/2025;09:39:00;TCU-7J23;ETANOL COMUM;14;43,9;61,46
AUTO POSTO DO TRABALHO PILAR LTDA;Parada Reduc;05/11/2025;14:58:00;KRT-2186;OLEO DIESEL S10;240,891;60,4;1454,98
POSTO DE GASOLINA AMIGAO ITABORAI LTDA;Limpeza Gaslub;05/11/2025;08:25:32;RVI6H54;GASOLINA COMUM;41,06;5,99;245,95
POSTO DE GASOLINA AMIGAO ITABORAI LTDA;Limpeza Gaslub;05/11/2025;12:35:36;RRD4F27;GASOLINA SHELL V-POWER;47,771;6,19;295,7
POSTO DE GASOLINA AMIGAO ITABORAI LTDA;Limpeza Gaslub;05/11/2025;18:29:09;SKP8D07;DIESEL S10 COMUM;75,619;5,99;452,96
POSTO DE GASOLINA AMIGAO ITABORAI LTDA;Limpeza Gaslub;05/11/2025;18:31:46;SKP8D07;DIESEL COMUM;3,2;5,89;18,85
POSTO DE GASOLINA ALESSANDRA LTDA;Mario Lago;06/11/2025;12:18:24;TEI4C64;ORIGINAL GASOLINA;313,4;6,39;200,26
POSTO DOS CAVALEIROS LTDA;Plataformas;06/11/2025;14:45:29;RMM5C81;GASOLINA COMUM;400,9;6,59;264,19
AUTO POSTO NOVA AMIZADE DE PAULINIA LTDA;Parada Replan;06/11/2025;;TEO-8I44;ETANOL COMUM;44,913;3,99;179,2
AUTO POSTO NOVA AMIZADE DE PAULINIA LTDA;Parada Replan;06/11/2025;;TPK-7B07;ETANOL COMUM;49,797;3,99;198,69
POSTO PORTAL DE SUAPE LTDA;Tanques Suape - PE;06/11/2025;;RUO-6I97;DIESEL S10;450;5,79;2605,5
POSTO PORTAL DE SUAPE LTDA;Tanques Suape - PE;06/11/2025;;TCV-0A93;ETANOL HIDRATADO;38,23;4,92;188,09
POSTO PORTAL DE SUAPE LTDA;Tanques Suape - PE;06/11/2025;;RUO-6I97;GASOLINA COMUM;40,009;6,42;256,86
AUTO POSTO ASA DELTA LTDA;Transpetro Sao Sebastiao;06/11/2025;;TIQ5E03;GASOLINA COMUM;2475;6,29;155,68
AUTO POSTO DO TRABALHO PILAR LTDA;Parada Reduc;06/11/2025;09:41:00;TDG-5J20;ETANOL COMUM;44,93;43,9;197,24
AUTO POSTO DO TRABALHO PILAR LTDA;Parada Reduc;06/11/2025;15:07:00;SKP-9H95;OLEO DIESEL S10;388,941;60,4;2349,2
POSTO DE GASOLINA AMIGAO ITABORAI LTDA;Limpeza Gaslub;06/11/2025;17:46:51;SKO4B46;GASOLINA SHELL V-POWER;43,031;6,19;266,36
POSTO DE GASOLINA ALESSANDRA LTDA;Mario Lago;07/11/2025;09:20:34;ATF0816;ORIGINAL GASOLINA;313,1;6,39;200,07
POSTO DE GASOLINA ALESSANDRA LTDA;Mario Lago;07/11/2025;15:51:43;LOO6J82;ORIGINAL GASOLINA;109,55;6,39;70
POSTO DE GASOLINA ALESSANDRA LTDA;Mario Lago;07/11/2025;16:02:39;RGA3G60;ORIGINAL GASOLINA;494,3;6,39;315,86
POSTO DE GASOLINA ALESSANDRA LTDA;Mario Lago;07/11/2025;17:24:48;RJH2E08;ORIGINAL GASOLINA;109,55;6,39;70
POSTO PORTAL DE SUAPE LTDA;Tanques Suape - PE;07/11/2025;;RUO-6I97;DIESEL S10;450;5,79;2605,5
AUTO POSTO ASA DELTA LTDA;Parada UTGCA 2026;07/11/2025;;TES4I65;GASOLINA COMUM;4294;6,29;270,09
AUTO POSTO ASA DELTA LTDA;Transpetro Sao Sebastiao;07/11/2025;;TXI4A14;GASOLINA COMUM;2609;6,29;164,11
AUTO POSTO DO TRABALHO PILAR LTDA;Parada Reduc;07/11/2025;09:28:00;TDC-6B07;ETANOL COMUM;42,231;43,9;185,39
POSTO DE GASOLINA ALESSANDRA LTDA;Mario Lago;08/11/2025;09:37:14;TEI4C64;ORIGINAL GASOLINA;203,2;6,39;129,84
POSTO DE GASOLINA ALESSANDRA LTDA;Mario Lago;09/11/2025;13:05:34;RGA3G60;ORIGINAL GASOLINA;303,3;6,39;193,81
AUTO POSTO DO TRABALHO JACAREPAGUA LTDA;Parada Reduc;09/11/2025;08:24:00;TPK-7B07;ETANOL COMUM;43,75;43,9;192,06
AUTO POSTO ASA DELTA LTDA;Parada UTGCA 2026;10/11/2025;;TES4I65;GASOLINA COMUM;3824;6,29;240,54
AUTO POSTO ASA DELTA LTDA;Transpetro Sao Sebastiao;10/11/2025;;TIQ5E03;GASOLINA COMUM;3681;6,29;231,53
AUTO POSTO ASA DELTA LTDA;Transpetro Sao Sebastiao;10/11/2025;;SYS6J23;GASOLINA COMUM;5200;6,29;327,08
AUTO POSTO DO TRABALHO PILAR LTDA;Parada Reduc;10/11/2025;11:05:00;TCU-7J23;ETANOL COMUM;50,44;43,9;221,43
POSTO DE GASOLINA AMIGAO ITABORAI LTDA;Limpeza Gaslub;10/11/2025;23:28:23;TTF6C50;DIESEL S10 COMUM;174,8;5,99;1047,05
POSTO DE GASOLINA AMIGAO ITABORAI LTDA;Limpeza Gaslub;10/11/2025;23:25:23;RRD4F27;DIESEL COMUM;40;5,89;235,6
POSTO DE GASOLINA AMIGAO ITABORAI LTDA;Limpeza Gaslub;10/11/2025;22:32:57;RVI6H54;GASOLINA SHELL V-POWER;41,64;6,19;257,75
POSTO DE GASOLINA AMIGAO ITABORAI LTDA;Limpeza Gaslub;10/11/2025;22:32:28;RRD4F27;GASOLINA SHELL V-POWER;31,52;6,19;195,11
POSTO DE GASOLINA AMIGAO ITABORAI LTDA;Limpeza Gaslub;10/11/2025;22:32:19;RRD4F27;GASOLINA COMUM;67,351;5,99;403,43
POSTO DE GASOLINA AMIGAO ITABORAI LTDA;Limpeza Gaslub;10/11/2025;22:28:39;RRD4F27;GASOLINA SHELL V-POWER;38,019;6,19;235,34
POSTO DE GASOLINA ALESSANDRA LTDA;Mario Lago;11/11/2025;13:15:22;TEI4C64;ORIGINAL GASOLINA;368,6;6,39;235,54
POSTO PORTAL DE SUAPE LTDA;Tanques Suape - PE;11/11/2025;;TXO-8H06;GASOLINA COMUM;44,651;6,44;287,55
POSTO PORTAL DE SUAPE LTDA;Tanques Suape - PE;11/11/2025;;RUO-6I97;GASOLINA COMUM;40;6,44;257,6
AUTO POSTO DO TRABALHO PILAR LTDA;Parada Reduc;11/11/2025;08:05:00;KRT-2186;OLEO DIESEL S10;258,57;60,4;1561,76
AUTO POSTO DO TRABALHO PILAR LTDA;Parada Reduc;11/11/2025;10:07:00;TDG-5J20;ETANOL COMUM;45,561;43,9;200,01
AUTO POSTO DO TRABALHO PILAR LTDA;Parada Reduc;11/11/2025;20:15:00;TPK-7B07;ETANOL COMUM;33,821;43,9;148,47
AUTO POSTO DO TRABALHO PILAR LTDA;Parada Reduc;11/11/2025;11:54:00;SUN-2F81;GASOLINA COMUM;46,39;59,5;276,02
POSTO DE GASOLINA AMIGAO ITABORAI LTDA;Limpeza Gaslub;11/11/2025;17:45:10;SKP8D07;DIESEL S10 COMUM;60,421;5,99;361,92
POSTO DE GASOLINA AMIGAO ITABORAI LTDA;Limpeza Gaslub;11/11/2025;16:49:38;SKO4B46;GASOLINA COMUM;38,85;5,99;232,71
POSTO DE GASOLINA ALESSANDRA LTDA;Mario Lago;12/11/2025;16:31:04;RGA3G60;ORIGINAL GASOLINA;469,6;6,39;300,07
POSTO DOS CAVALEIROS LTDA;Plataformas;12/11/2025;10:59:10;RMY5G19;GASOLINA COMUM;349,31;6,59;230,19
POSTO PORTAL DE SUAPE LTDA;Tanques Suape - PE;12/11/2025;;RUO-6I97;GASOLINA COMUM;40,32;6,44;259,66
POSTO PORTAL DE SUAPE LTDA;Tanques Suape - PE;12/11/2025;;RUO-6I97;DIESEL S10;450;5,79;2605,5
AUTO POSTO ASA DELTA LTDA;Parada UTGCA 2026;12/11/2025;;TES4I65;GASOLINA COMUM;4247;6,29;267,14
AUTO POSTO ASA DELTA LTDA;Transpetro Sao Sebastiao;12/11/2025;;TXI4A14;GASOLINA COMUM;3499;6,29;220,09
AUTO POSTO ASA DELTA LTDA;Transpetro Sao Sebastiao;12/11/2025;;SKP6B48;OLEO DIESEL B S-10 ;5919;6,29;378,22
AUTO POSTO ASA DELTA LTDA;Transpetro Sao Sebastiao;12/11/2025;;SKP0C57;OLEO DIESEL B S-10 ;20034;6,39;1280,17
AUTO POSTO ASA DELTA LTDA;Transpetro Sao Sebastiao;12/11/2025;;SKP0C57;ARLA 32 - 20 LITROS;200;180;360
AUTO POSTO DO TRABALHO PILAR LTDA;Parada Reduc;12/11/2025;09:23:00;TCU-7J23;ETANOL COMUM;30,071;43,9;132,01
AUTO POSTO DO TRABALHO PILAR LTDA;Parada Reduc;12/11/2025;15:41:00;SKP-8E19;OLEO DIESEL S10;75,75;60,4;457,53
AUTO POSTO DO TRABALHO PILAR LTDA;Parada Reduc;12/11/2025;06:54:00;TDC-6B07;ETANOL COMUM;39,741;43,9;174,46
POSTO DE GASOLINA AMIGAO ITABORAI LTDA;Limpeza Gaslub;12/11/2025;14:44:07;RRD4F27;GASOLINA COMUM;37,12;5,99;222,35
POSTO DE GASOLINA ALESSANDRA LTDA;Mario Lago;13/11/2025;18:34:37;LOO6J82;ORIGINAL GASOLINA;156,5;6,39;100
POSTO PORTAL DE SUAPE LTDA;Tanques Suape - PE;13/11/2025;;RUO-6I97;DIESEL S10;460;5,79;2663,4
AUTO POSTO ASA DELTA LTDA;Parada UTGCA 2026;13/11/2025;;TEJ1I33;ETANOL ;4286;4,49;192,44
AUTO POSTO ASA DELTA LTDA;Transpetro Sao Sebastiao;13/11/2025;;TXI4A14;GASOLINA COMUM;3463;6,29;217,82
AUTO POSTO DO TRABALHO PILAR LTDA;Parada Reduc;13/11/2025;14:59:00;TDG-5J20;GASOLINA COMUM;44,671;59,5;265,79
AUTO POSTO DO TRABALHO PILAR LTDA;Parada Reduc;13/11/2025;09:36:00;TDC-6B07;ETANOL COMUM;17,231;43,9;75,64
POSTO DE GASOLINA AMIGAO ITABORAI LTDA;Limpeza Gaslub;13/11/2025;16:43:42;SKO4B46;GASOLINA SHELL V-POWER;34,63;6,19;214,36
POSTO DE GASOLINA ALESSANDRA LTDA;Mario Lago;14/11/2025;16:18:25;ATF0816;ORIGINAL GASOLINA;234,74;6,39;150
POSTO DE GASOLINA ALESSANDRA LTDA;Mario Lago;14/11/2025;16:18:58;TEI4C64;ORIGINAL GASOLINA;303,4;6,39;193,87
POSTO PORTAL DE SUAPE LTDA;Tanques Suape - PE;14/11/2025;;RRE-7I66;DIESEL S10;161,57;5,79;935,49
POSTO PORTAL DE SUAPE LTDA;Tanques Suape - PE;14/11/2025;;RUO-6I97;DIESEL S10;450;5,79;2605,5
POSTO PORTAL DE SUAPE LTDA;Tanques Suape - PE;14/11/2025;;TXO-8H06;GASOLINA COMUM;42,86;6,44;276,02
AUTO POSTO ASA DELTA LTDA;Parada UTGCA 2026;14/11/2025;;TES4I65;GASOLINA COMUM;3208;6,29;201,78
AUTO POSTO ASA DELTA LTDA;Transpetro Sao Sebastiao;14/11/2025;;TIQ5E03;GASOLINA COMUM;2945;6,29;185,24
AUTO POSTO DO TRABALHO PILAR LTDA;Parada Reduc;14/11/2025;17:28:00;TCU-7J23;ETANOL COMUM;48,18;43,9;211,51
AUTO POSTO DO TRABALHO PILAR LTDA;Parada Reduc;14/11/2025;17:07:00;TPK-7B07;ETANOL COMUM;37,26;43,9;163,57
AUTO POSTO DO TRABALHO PILAR LTDA;Parada Reduc;14/11/2025;10:01:00;SUN-2F81;ETANOL COMUM;48,151;43,9;211,38
POSTO DE GASOLINA AMIGAO ITABORAI LTDA;Limpeza Gaslub;14/11/2025;14:05:38;RVI6H54;GASOLINA COMUM;42,17;5,99;252,6
POSTO DE GASOLINA AMIGAO ITABORAI LTDA;Limpeza Gaslub;14/11/2025;17:16:48;RRD4F27;GASOLINA SHELL V-POWER;46,561;6,19;288,21
POSTO DE GASOLINA ALESSANDRA LTDA;Mario Lago;15/11/2025;10:31:42;LOO6J82;ORIGINAL GASOLINA;109,55;6,39;70
POSTO DE GASOLINA ALESSANDRA LTDA;Mario Lago;15/11/2025;15:31:18;RGA3G60;ORIGINAL GASOLINA;462,6;6,39;295,6
POSTO DE GASOLINA ALESSANDRA LTDA;Mario Lago;16/11/2025;06:43:39;TEI4C64;ORIGINAL GASOLINA;328;6,39;209,59
AUTO POSTO DO TRABALHO PILAR LTDA;Parada Reduc;16/11/2025;14:49:00;TDG-5J20;ETANOL COMUM;43,092;43,9;189,17
POSTO DE GASOLINA ALESSANDRA LTDA;Mario Lago;17/11/2025;21:35:42;TEI4C64;ORIGINAL GASOLINA;352,1;6,39;224,99
POSTO PORTAL DE SUAPE LTDA;Tanques Suape - PE;17/11/2025;;RUO-6I97;GASOLINA COMUM;39,05;6,42;250,7
AUTO POSTO ASA DELTA LTDA;Parada UTGCA 2026;17/11/2025;;TES4I65;GASOLINA COMUM;3229;6,29;203,1
AUTO POSTO DO TRABALHO PILAR LTDA;Parada Reduc;17/11/2025;08:34:00;SUN-2F81;ETANOL COMUM;51,481;43,9;226
AUTO POSTO DO TRABALHO PILAR LTDA;Parada Reduc;17/11/2025;08:43:00;KRT-2186;OLEO DIESEL S10;273,51;60,4;1652
AUTO POSTO DO TRABALHO PILAR LTDA;Parada Reduc;17/11/2025;14:43:00;TPK-7B07;ETANOL COMUM;34,301;43,9;150,58
AUTO POSTO DO TRABALHO PILAR LTDA;Parada Reduc;17/11/2025;07:56:00;SKP-8E19;OLEO DIESEL S10;78,421;60,4;473,66
AUTO POSTO DO TRABALHO PILAR LTDA;Parada Reduc;17/11/2025;20:00:00;TCU-7J23;GASOLINA ADITIVADA;48,361;60,5;292,58
AUTO POSTO DO TRABALHO PILAR LTDA;Parada Reduc;17/11/2025;13:49:00;SUN2F81;GASOLINA COMUM;436,3;595003438;259,6
POSTO DE GASOLINA AMIGAO ITABORAI LTDA;Limpeza Gaslub;17/11/2025;17:57:10;SKP8D07;DIESEL S10 COMUM;78,311;5,99;469,08
POSTO DE GASOLINA AMIGAO ITABORAI LTDA;Limpeza Gaslub;17/11/2025;17:01:54;SKO4B46;GASOLINA SHELL V-POWER;36,89;6,19;228,35
POSTO DE GASOLINA ALESSANDRA LTDA;Mario Lago;18/11/2025;14:47:00;RGA3G60;ORIGINAL GASOLINA;466,8;6,39;298,29
POSTO DE GASOLINA ALESSANDRA LTDA;Mario Lago;18/11/2025;17:45:16;ATF0816;ORIGINAL GASOLINA;234,74;6,39;150
POSTO PORTAL DE SUAPE LTDA;Tanques Suape - PE;18/11/2025;;RUO-6I97;DIESEL S10;450;5,79;2605,5
AUTO POSTO ASA DELTA LTDA;Parada UTGCA 2026;18/11/2025;;TEP5A99;GASOLINA COMUM;4296;6,29;270,22
AUTO POSTO ASA DELTA LTDA;Transpetro Sao Sebastiao;18/11/2025;;CYV2B85;GASOLINA COMUM;2911;6,29;183,1
ZANIN E VIEIRA LTDA;Manutençao Tres Lagoas;18/11/2025;15:33:30;;DIESEL S 500;450;6,54;2943
ZANIN E VIEIRA LTDA;Manutençao Tres Lagoas;18/11/2025;15:33:30;;GASOLINA COMUM;189,952;6,19;1175,8
AUTO POSTO DO TRABALHO PILAR LTDA;Parada Reduc;18/11/2025;19:37:00;TDG-5J20;ETANOL COMUM;39,26;43,9;172,35
POSTO DE GASOLINA AMIGAO ITABORAI LTDA;Limpeza Gaslub;18/11/2025;10:10:37;RRD4F27;GASOLINA COMUM;44;5,99;263,56
POSTO DE GASOLINA AMIGAO ITABORAI LTDA;Limpeza Gaslub;18/11/2025;14:09:47;RVI6H54;GASOLINA COMUM;40,609;5,99;243,25
POSTO DE GASOLINA ALESSANDRA LTDA;Mario Lago;19/11/2025;19:01:53;TEI4C64;ORIGINAL GASOLINA;345,5;6,39;220,77
POSTO DOS CAVALEIROS LTDA;Plataformas;19/11/2025;07:54:47;RMM5C81;GASOLINA COMUM;369,31;6,59;243,37
POSTO DOS CAVALEIROS LTDA;Plataformas;19/11/2025;10:41:11;RMY5G19;GASOLINA COMUM;364,01;6,59;239,88
POSTO PORTAL DE SUAPE LTDA;Tanques Suape - PE;19/11/2025;;TXO-8H06;GASOLINA COMUM;33,009;6,39;210,93
AUTO POSTO ASA DELTA LTDA;Parada UTGCA 2026;19/11/2025;;TEJ1I33;ETANOL ;2673;4,49;120,02
AUTO POSTO ASA DELTA LTDA;Parada UTGCA 2026;19/11/2025;;TES4I65;GASOLINA COMUM;4075;6,29;256,32
AUTO POSTO ASA DELTA LTDA;Transpetro Sao Sebastiao;19/11/2025;;CYV2B85;GASOLINA COMUM;3694;6,29;232,35
AUTO POSTO DO TRABALHO PILAR LTDA;Parada Reduc;19/11/2025;08:39:00;TDC-6B07;ETANOL COMUM;36,539;44,9;164,06
AUTO POSTO DO TRABALHO PILAR LTDA;Parada Reduc;19/11/2025;08:57:00;SKP-9H95;OLEO DIESEL S10;314,57;60,4;1900
AUTO POSTO DO TRABALHO PILAR LTDA;Parada Reduc;19/11/2025;13:20:00;SUN-2F81;ETANOL COMUM;46,25;44,9;207,66
AUTO POSTO DO TRABALHO PILAR LTDA;Parada Reduc;19/11/2025;15:30:00;TPK-7B07;ETANOL COMUM;38,43;44,9;172,55
POSTO DE GASOLINA AMIGAO ITABORAI LTDA;Limpeza Gaslub;19/11/2025;16:58:46;SKO4B16;GASOLINA SHELL V-POWER;40,031;6,19;247,79
AUTO POSTO ASA DELTA LTDA;Transpetro Sao Sebastiao;20/11/2025;;CYV2B85;GASOLINA COMUM;2041;6,29;128,39
POSTO DE GASOLINA AMIGAO ITABORAI LTDA;Limpeza Gaslub;20/11/2025;16:55:31;RRD4F27;GASOLINA SHELL V-POWER;53,32;6,19;330,05
POSTO DE GASOLINA ALESSANDRA LTDA;Mario Lago;21/11/2025;05:35:16;KZA8113;ORIGINAL ETANOL;250,52;4,79;120
POSTO DE GASOLINA ALESSANDRA LTDA;Mario Lago;21/11/2025;16:38:58;RGA3G60;ORIGINAL GASOLINA;437,2;6,39;279,37
POSTO PORTAL DE SUAPE LTDA;Tanques Suape - PE;21/11/2025;;TXO-8H06;GASOLINA COMUM;31,91;6,25;199,44
POSTO PORTAL DE SUAPE LTDA;Tanques Suape - PE;21/11/2025;;RUO-6I97;DIESEL S10;450;5,79;2605,5
AUTO POSTO ASA DELTA LTDA;Transpetro Sao Sebastiao;21/11/2025;;SKP0C57;OLEO DIESEL B S-10 ;23941;6,39;1529,84
AUTO POSTO ASA DELTA LTDA;Transpetro Sao Sebastiao;21/11/2025;;CYV2B85;GASOLINA COMUM;2141;6,29;134,92
AUTO POSTO ASA DELTA LTDA;Transpetro Sao Sebastiao;21/11/2025;;TXI4A14;ETANOL ;3408;4,49;153,02
AUTO POSTO DO TRABALHO PILAR LTDA;Parada Reduc;21/11/2025;15:24:00;SKP-8E19;OLEO DIESEL S10;72,3;60,4;436,69
POSTO DE GASOLINA AMIGAO ITABORAI LTDA;Limpeza Gaslub;21/11/2025;17:40:11;SKP8D07;DIESEL S10 COMUM;60,07;5,99;359,82
POSTO DE GASOLINA AMIGAO ITABORAI LTDA;Limpeza Gaslub;21/11/2025;15:03:24;RVI6H54;GASOLINA COMUM;37,569;5,99;225,04
AUTO POSTO DO TRABALHO PILAR LTDA;Parada Reduc;22/11/2025;09:10:00;TEH-0H96;GASOLINA COMUM;31,8;59,5;189,21
POSTO DE GASOLINA AMIGAO ITABORAI LTDA;Limpeza Gaslub;22/11/2025;06:15:24;SKO4B46;GASOLINA COMUM;39,311;5,99;235,47
POSTO DE GASOLINA ALESSANDRA LTDA;Mario Lago;24/11/2025;17:10:56;TEI4C64;ORIGINAL GASOLINA;325,5;6,39;207,99
AUTO POSTO ASA DELTA LTDA;Transpetro Sao Sebastiao;24/11/2025;;CYV2B85;GASOLINA COMUM;3609;6,29;227,01
AUTO POSTO ASA DELTA LTDA;Transpetro Sao Sebastiao;24/11/2025;;SKP6B48;OLEO DIESEL B S-10 ;7654;6,39;489,09
AUTO POSTO ASA DELTA LTDA;Transpetro Sao Sebastiao;24/11/2025;;TXI4A14;GASOLINA COMUM;3769;6,29;237,07
AUTO POSTO ASA DELTA LTDA;Transpetro Sao Sebastiao;24/11/2025;;SKP0C57;LAV.CARRETA;100;400;400
AUTO POSTO ASA DELTA LTDA;Transpetro Sao Sebastiao;24/11/2025;;SKP0C57;OLEO DIESEL;481;6,29;30,25
AUTO POSTO ASA DELTA LTDA;Transpetro Sao Sebastiao;24/11/2025;;SKP0C57;DIPROL BAU 2000 5LT;100;178,5;178,5
AUTO POSTO DO TRABALHO PILAR LTDA;Parada Reduc;24/11/2025;15:39:00;SUN-2F81;ETANOL COMUM;42,37;44,9;190,24
AUTO POSTO DO TRABALHO PILAR LTDA;Parada Reduc;24/11/2025;08:52:00;TEH-0H96;ETANOL COMUM;44,021;44,9;197,65
AUTO POSTO DO TRABALHO PILAR LTDA;Parada Reduc;24/11/2025;14:26:00;KRT-2186;OLEO DIESEL S10;253,641;60,4;1531,99
AUTO POSTO DO TRABALHO PILAR LTDA;Parada Reduc;24/11/2025;14:01:00;TDG-5J20;ETANOL COMUM;35,361;44,9;158,77
AUTO POSTO DO TRABALHO PILAR LTDA;Parada Reduc;24/11/2025;10:57:00;RIO-3387;OLEO DIESEL S10;258,37;60,4;1560,55
AUTO POSTO DO TRABALHO PILAR LTDA;Parada Reduc;24/11/2025;19:04:00;SUN-2F81;ETANOL COMUM;47,66;44,9;213,99
AUTO POSTO DO TRABALHO PILAR LTDA;Parada Reduc;24/11/2025;17:30:00;TPK-7B07;ETANOL COMUM;35,891;44,9;161,15
POSTO DE GASOLINA AMIGAO ITABORAI LTDA;Limpeza Gaslub;24/11/2025;17:54:50;RRD4F27;GASOLINA SHELL V-POWER;47,33;6,19;292,97
POSTO DE GASOLINA ALESSANDRA LTDA;Mario Lago;25/11/2025;16:47:32;RGA3G60;ORIGINAL GASOLINA;470;6,39;300,33
POSTO DOS CAVALEIROS LTDA;Plataformas;25/11/2025;17:44:33;RMY5G19;GASOLINA COMUM;324,6;6,59;213,91
AUTO POSTO ASA DELTA LTDA;Parada UTGCA 2026;25/11/2025;;TES4I65;GASOLINA COMUM;4195;6,29;263,87
POSTO DE GASOLINA AMIGAO ITABORAI LTDA;Limpeza Gaslub;25/11/2025;14:03:55;SKO4B46;GASOLINA COMUM;39,02;5,99;233,73
POSTO DE GASOLINA AMIGAO ITABORAI LTDA;Limpeza Gaslub;25/11/2025;08:23:18;RVI6H54;GASOLINA COMUM;39,07;5,99;234,03
POSTO DE GASOLINA AMIGAO ITABORAI LTDA;Limpeza Gaslub;25/11/2025;14:04:47;SKO4B46;GASOLINA COMUM;71,09;5,99;425,83
POSTO DE GASOLINA ALESSANDRA LTDA;Mario Lago;26/11/2025;11:34:01;RGA3G60;ORIGINAL GASOLINA;393,3;6,39;251,32
POSTO DE GASOLINA ALESSANDRA LTDA;Mario Lago;26/11/2025;17:01:33;TEI4C64;ORIGINAL GASOLINA;295,2;6,39;188,63
AUTO POSTO ASA DELTA LTDA;Parada UTGCA 2026;26/11/2025;;TEJ1I33;ETANOL ;4415;4,49;198,23
AUTO POSTO ASA DELTA LTDA;Transpetro Sao Sebastiao;26/11/2025;;TXH2E19;GASOLINA COMUM;3396;6,29;213,61
AUTO POSTO DO TRABALHO PILAR LTDA;Parada Reduc;26/11/2025;18:33:00;TDG-5J20;ETANOL COMUM;42,13;44,9;189,16
POSTO DE GASOLINA ALESSANDRA LTDA;Mario Lago;27/11/2025;16:06:58;ATF0816;ORIGINAL GASOLINA;234,74;6,39;150
POSTO DE GASOLINA ALESSANDRA LTDA;Mario Lago;27/11/2025;20:13:16;LMX2F82;ORIGINAL DIESEL B S-10;478,5;6,74;322,51
AUTO POSTO ASA DELTA LTDA;Parada UTGCA 2026;27/11/2025;;TES4I65;GASOLINA COMUM;3509;6,29;220,72
AUTO POSTO ASA DELTA LTDA;Transpetro Sao Sebastiao;27/11/2025;;SKP6B48;OLEO DIESEL B S-10 ;8053;6,39;514,59
AUTO POSTO ASA DELTA LTDA;Transpetro Sao Sebastiao;27/11/2025;;TXI4A14;ETANOL ;3078;4,49;138,2
AUTO POSTO DO TRABALHO PILAR LTDA;Parada Reduc;27/11/2025;08:59:00;SKP-8E19;OLEO DIESEL S10;29,721;60,4;179,51
AUTO POSTO DO TRABALHO PILAR LTDA;Parada Reduc;27/11/2025;08:59:00;SKP-8E19;OLEO DIESEL S10;41,401;60,4;250,06
AUTO POSTO DO TRABALHO PILAR LTDA;Parada Reduc;27/11/2025;14:33:00;SUN-2F81;ETANOL COMUM;43,611;44,9;195,81
AUTO POSTO DO TRABALHO PILAR LTDA;Parada Reduc;27/11/2025;17:14:00;TPK-7B07;ETANOL COMUM;37,17;44,9;166,89
POSTO DE GASOLINA AMIGAO ITABORAI LTDA;Limpeza Gaslub;27/11/2025;11:51:00;RVA2F74;GASOLINA SHELL V-POWER;37,519;5,99;224,74
POSTO DE GASOLINA AMIGAO ITABORAI LTDA;Limpeza Gaslub;27/11/2025;11:49:46;RRD4F27;GASOLINA SHELL V-POWER;38,23;5,99;229
POSTO DE GASOLINA AMIGAO ITABORAI LTDA;Limpeza Gaslub;27/11/2025;17:46:01;SKO4B46;GASOLINA COMUM;39,529;5,99;236,78
POSTO DE GASOLINA AMIGAO ITABORAI LTDA;Limpeza Gaslub;27/11/2025;18:41:07;SKP8D07;DIESEL S10 COMUM;59,88;5,99;358,68
POSTO DE GASOLINA ALESSANDRA LTDA;Mario Lago;28/11/2025;13:06:05;RGA3G60;ORIGINAL GASOLINA;411,8;6,39;263,14
POSTO DE GASOLINA ALESSANDRA LTDA;Mario Lago;28/11/2025;16:18:27;TEI4C64;ORIGINAL GASOLINA;354,8;6,39;226,72
AUTO POSTO KAJIYA LTDA;Transpetro Sao Sebastiao;28/11/2025;;TXH2E19;GASOLINA COMUM;30,92;6,19;191,39
AUTO POSTO ASA DELTA LTDA;Transpetro Sao Sebastiao;28/11/2025;;FPW8G23;OLEO DIESEL B S-10 ;57324;6,39;3663
POSTO DE GASOLINA AMIGAO ITABORAI LTDA;Limpeza Gaslub;28/11/2025;14:02:40;TTF6C50;DIESEL S10 COMUM;177;5,99;1060,23
AUTO POSTO DO TRABALHO PILAR LTDA;Parada Reduc;29/11/2025;08:41:00;SUN-2F81;GASOLINA COMUM;44,051;59,5;262,1
POSTO DE GASOLINA AMIGAO ITABORAI LTDA;Limpeza Gaslub;30/11/2025;06:57:16;RRD4F27;GASOLINA SHELL V-POWER;37,06;5,99;221,99
POSTO DE GASOLINA ALESSANDRA LTDA;Mario Lago;01/12/2025;14:13:36;RGA3G60;ORIGINAL GASOLINA;305,5;6,39;195,21
POSTO DE GASOLINA ALESSANDRA LTDA;Mario Lago;01/12/2025;15:22:38;TEI4C64;ORIGINAL GASOLINA;313,5;6,39;200,33
AUTO POSTO KAJIYA LTDA;Transpetro Sao Sebastiao;01/12/2025;;TXH2E19;GASOLINA COMUM;31,461;6,19;194,74
POSTO PORTAL DE SUAPE LTDA;Tanques Suape - PE;01/12/2025;;TXO-8H06;GASOLINA COMUM;40,681;6,45;262,39
POSTO PORTAL DE SUAPE LTDA;Tanques Suape - PE;01/12/2025;;SKP-8J29;DIESEL S10;82,04;5,77;473,37
AUTO POSTO ASA DELTA LTDA;Parada UTGCA 2026;01/12/2025;;TES4I65;GASOLINA COMUM;3514;6,29;221,03
AUTO POSTO DO TRABALHO PILAR LTDA;Parada Reduc;01/12/2025;12:32:00;TDG-5J20;GASOLINA COMUM;42,15;59,5;250,79
POSTO DE GASOLINA AMIGAO ITABORAI LTDA;Limpeza Gaslub;01/12/2025;08:25:21;RVA2F74;GASOLINA COMUM;39,19;5,99;234,75
POSTO DE GASOLINA AMIGAO ITABORAI LTDA;Limpeza Gaslub;01/12/2025;14:27:48;SKO4B46;GASOLINA COMUM;35,94;5,99;215,28
POSTO DOS CAVALEIROS LTDA;Plataformas;02/12/2025;08:59:39;RMY5G19;GASOLINA COMUM;367,8;6,59;242,38
AUTO POSTO KAJIYA LTDA;Transpetro Sao Sebastiao;02/12/2025;;SKPOC57;OLEO DIESEL B S10 GRID;253,489;6,49;1645,14
AUTO POSTO KAJIYA LTDA;Transpetro Sao Sebastiao;02/12/2025;;SKPOC57;ARLA;1;130;130
POSTO PORTAL DE SUAPE LTDA;Tanques Suape - PE;02/12/2025;;RUO-6I97;DIESEL S10;450;5,77;2596,5
POSTO PORTAL DE SUAPE LTDA;Tanques Suape - PE;02/12/2025;;RRE-7I66;DIESEL S10;161,849;5,77;933,87
AUTO POSTO ASA DELTA LTDA;Parada UTGCA 2026;02/12/2025;;TEP5A99;GASOLINA COMUM;3991;6,29;251,03
AUTO POSTO ASA DELTA LTDA;Parada UTGCA 2026;02/12/2025;;SKP6B48;OLEO DIESEL B S-10 ;7985;6,39;510,24
AUTO POSTO ASA DELTA LTDA;Transpetro Sao Sebastiao;02/12/2025;;SKP6B48;OLEO DIESEL B S-10 ;7985;6,29;510,24
AUTO POSTO DO TRABALHO PILAR LTDA;Parada Reduc;02/12/2025;14:45:00;KRT-2186;OLEO DIESEL S10;239,09;60,4;1444,1
POSTO DE GASOLINA ALESSANDRA LTDA;Mario Lago;03/12/2025;08:52:20;RGA3G60;ORIGINAL GASOLINA;436,3;6,39;278,8
POSTO DE GASOLINA ALESSANDRA LTDA;Mario Lago;03/12/2025;10:37:02;TEI4C64;ORIGINAL GASOLINA;340,7;6,39;217,71
AUTO POSTO KAJIYA LTDA;Transpetro Sao Sebastiao;03/12/2025;;TX4A14;ETANOL COMUM;35,061;4,49;157,42
AUTO POSTO KAJIYA LTDA;Transpetro Sao Sebastiao;03/12/2025;;TXH2E19;GASOLINA COMUM;29,01;6,19;179,57
POSTO PORTAL DE SUAPE LTDA;Tanques Suape - PE;03/12/2025;;RUO-6I97;GASOLINA COMUM;37,13;6,45;239,49
AUTO POSTO ASA DELTA LTDA;Parada UTGCA 2026;03/12/2025;;TEJ1I33;ETANOL ;4174;4,59;191,59
AUTO POSTO ASA DELTA LTDA;Parada UTGCA 2026;03/12/2025;;TES4I65;GASOLINA COMUM;3275;6,29;206
AUTO POSTO ASA DELTA LTDA;Transpetro Sao Sebastiao;03/12/2025;;QMJ8C91;LAV.CAMINHAO TRUCK;100;603;603
AUTO POSTO DO TRABALHO PILAR LTDA;Parada Reduc;03/12/2025;18:01:00;TEH-0H96;ETANOL COMUM;36,081;44,9;162
AUTO POSTO DO TRABALHO PILAR LTDA;Parada Reduc;03/12/2025;08:22:00;SKP-8E19;OLEO DIESEL S10;76,641;60,4;462,91
AUTO POSTO DO TRABALHO PILAR LTDA;Parada Reduc;03/12/2025;07:59:00;SUN-2F81;ETANOL COMUM;52,651;44,9;236,4
POSTO DE GASOLINA AMIGAO ITABORAI LTDA;Limpeza Gaslub;03/12/2025;14:25:54;RRD4F27;DIESEL COMUM;46,211;5,89;272,18
POSTO DE GASOLINA AMIGAO ITABORAI LTDA;Limpeza Gaslub;03/12/2025;14:30:10;RRD4F27;UNIX 2T 500 ML;12;19,9;238,8
POSTO DE GASOLINA AMIGAO ITABORAI LTDA;Limpeza Gaslub;03/12/2025;14:18:37;RRD4F27;GASOLINA COMUM;86,81;5,99;519,99
POSTO DE GASOLINA AMIGAO ITABORAI LTDA;Limpeza Gaslub;03/12/2025;14:17:52;RRD4F27;GASOLINA SHELL V-POWER;46,191;6,19;285,92
POSTO DE GASOLINA AMIGAO ITABORAI LTDA;Limpeza Gaslub;03/12/2025;18:32:31;SKP8D07;DIESEL S10 COMUM;74,02;5,99;443,38
POSTO DOS CAVALEIROS LTDA;Plataformas;04/12/2025;08:12:09;RMM5C81;GASOLINA COMUM;438,11;6,59;288,71
AUTO POSTO KAJIYA LTDA;Transpetro Sao Sebastiao;04/12/2025;;TCQJ084;GASOLINA COMUM;23,401;6,19;144,85
POSTO PORTAL DE SUAPE LTDA;Tanques Suape - PE;04/12/2025;;TXO-8H06;GASOLINA COMUM;41,681;6,45;268,84
ZANIN E VIEIRA LTDA;Manutençao Tres Lagoas;04/12/2025;15:12:37;;GASOLINA COMUM;269,834;6,19;1670,27
AUTO POSTO DO TRABALHO PILAR LTDA;Parada Reduc;04/12/2025;17:51:00;TDG-5J20;GASOLINA ADITIVADA;42,49;60,5;257,06
AUTO POSTO DO TRABALHO PILAR LTDA;Parada Reduc;04/12/2025;14:38:00;TJB-9B32;ETANOL COMUM;48,78;44,9;219,02
POSTO DE GASOLINA AMIGAO ITABORAI LTDA;Limpeza Gaslub;04/12/2025;17:43:53;SKO4B46;GASOLINA COMUM;32,589;5,99;195,21
POSTO DE GASOLINA ALESSANDRA LTDA;Mario Lago;05/12/2025;09:38:25;RGA3G60;ORIGINAL GASOLINA;438,3;6,39;280,07
AUTO POSTO KAJIYA LTDA;Transpetro Sao Sebastiao;05/12/2025;;TXH2E19;GASOLINA COMUM;36,32;6,19;224,82
POSTO PORTAL DE SUAPE LTDA;Tanques Suape - PE;05/12/2025;;RUO-6I97;GASOLINA COMUM;50,74;6,45;327,27
POSTO PORTAL DE SUAPE LTDA;Tanques Suape - PE;05/12/2025;;RUO-6I97;DIESEL S10;450;5,77;2596,5
POSTO PORTAL DE SUAPE LTDA;Tanques Suape - PE;05/12/2025;;RUO-6I97;GASOLINA COMUM;38,13;6,45;245,94
AUTO POSTO ASA DELTA LTDA;Parada UTGCA 2026;05/12/2025;;TES4I65;GASOLINA COMUM;3011;6,29;189,39
AUTO POSTO ASA DELTA LTDA;Transpetro Sao Sebastiao;05/12/2025;;TXI4A14;GASOLINA COMUM;2844;6,29;178,89
AUTO POSTO DO TRABALHO PILAR LTDA;Parada Reduc;05/12/2025;16:42:00;TPK-7B07;ETANOL COMUM;35,9;44,9;161,19
POSTO DE GASOLINA AMIGAO ITABORAI LTDA;Limpeza Gaslub;05/12/2025;08:33:19;RVA2F74;GASOLINA COMUM;40,91;5,99;245,05
POSTO DE GASOLINA ALESSANDRA LTDA;Mario Lago;06/12/2025;20:20:24;LOO6J82;ORIGINAL GASOLINA;109,55;6,39;70
AUTO POSTO DO TRABALHO PILAR LTDA;Parada Reduc;06/12/2025;09:54:00;TEH-0H96;ETANOL COMUM;28,791;45,9;132,15
POSTO DE GASOLINA AMIGAO ITABORAI LTDA;Limpeza Gaslub;06/12/2025;06:41:38;RRD4F27;GASOLINA SHELL V-POWER;36,57;6,19;226,37
POSTO DE GASOLINA ALESSANDRA LTDA;Mario Lago;07/12/2025;13:14:25;RGA3G60;ORIGINAL GASOLINA;476,2;6,39;304,29
POSTO DE GASOLINA ALESSANDRA LTDA;Mario Lago;07/12/2025;22:27:28;TEI4C64;ORIGINAL GASOLINA;346,5;6,39;221,41
POSTO DOS CAVALEIROS LTDA;Plataformas;08/12/2025;17:41:51;RMY5G19;GASOLINA COMUM;368,2;6,59;242,64
AUTO POSTO KAJIYA LTDA;Transpetro Sao Sebastiao;08/12/2025;;TXH2E19;GASOLINA COMUM;32,871;6,19;203,47
AUTO POSTO KAJIYA LTDA;Transpetro Sao Sebastiao;08/12/2025;;SKPB6B48;OLEO DIESEL B S10 GRID;77,854;6,49;505,27
AUTO POSTO KAJIYA LTDA;Transpetro Sao Sebastiao;08/12/2025;;CX4A14;GASOLINA COMUM;29,631;6,19;183,41
AUTO POSTO DO TRABALHO PILAR LTDA;Parada Reduc;08/12/2025;10:48:00;SUN-2F81;ETANOL COMUM;48,48;45,9;222,52
POSTO DE GASOLINA ALESSANDRA LTDA;Mario Lago;09/12/2025;09:00:11;RGA3G60;ORIGINAL GASOLINA;419,5;6,39;268,06
POSTO DE GASOLINA ALESSANDRA LTDA;Mario Lago;09/12/2025;15:53:13;TEI4C64;ORIGINAL GASOLINA;306,8;6,39;196,05
AUTO POSTO KAJIYA LTDA;Transpetro Sao Sebastiao;09/12/2025;;TXH2E19;GASOLINA COMUM;36,39;6,19;225,25
AUTO POSTO KAJIYA LTDA;Transpetro Sao Sebastiao;09/12/2025;;QMJB9C91;ARLA;2;130;260
AUTO POSTO KAJIYA LTDA;Transpetro Sao Sebastiao;09/12/2025;;QMJB9C91;OLEO DIESEL B S10 GRID;234,37;6,49;1521,06
AUTO POSTO ASA DELTA LTDA;Transpetro Sao Sebastiao;09/12/2025;;SKP0C57;OLEO DIESEL B S-10 ;46323;6,39;2960,05
AUTO POSTO DO TRABALHO PILAR LTDA;Parada Reduc;09/12/2025;18:03:00;TDG-5J20;GASOLINA ADITIVADA;44,931;60,5;271,83
AUTO POSTO DO TRABALHO PILAR LTDA;Parada Reduc;09/12/2025;18:01:00;TJB-9B32;ETANOL COMUM;46,811;45,9;214,86
AUTO POSTO DO TRABALHO PILAR LTDA;Parada Reduc;09/12/2025;08:19:00;TPK-7B07;ETANOL COMUM;39,791;45,9;182,64
POSTO DE GASOLINA AMIGAO ITABORAI LTDA;Limpeza Gaslub;09/12/2025;06:38:34;SKO4B46;GASOLINA COMUM;43,619;5,99;261,28
POSTO DE GASOLINA AMIGAO ITABORAI LTDA;Limpeza Gaslub;09/12/2025;14:38:25;RRD4F27;GASOLINA SHELL V-POWER;42,771;6,19;264,75
POSTO DE GASOLINA AMIGAO ITABORAI LTDA;Limpeza Gaslub;09/12/2025;13:37:52;RVA2F74;GASOLINA COMUM;41,06;5,99;245,95
POSTO DE GASOLINA AMIGAO ITABORAI LTDA;Limpeza Gaslub;09/12/2025;18:32:58;SKP8D07;DIESEL S10 COMUM;73,81;5,99;442,12
POSTO DE GASOLINA ALESSANDRA LTDA;Mario Lago;10/12/2025;16:58:51;TEI4C64;ORIGINAL GASOLINA;205,1;6,39;131,06
AUTO POSTO ASA DELTA LTDA;Parada UTGCA 2026;10/12/2025;;TES4I65;GASOLINA COMUM;4245;6,29;267,01
AUTO POSTO DO TRABALHO PILAR LTDA;Parada Reduc;10/12/2025;20:33:00;TEH-0H96;ETANOL COMUM;37,892;45,9;173,92
AUTO POSTO KAJIYA LTDA;Transpetro Sao Sebastiao;11/12/2025;;SYC6J23;GASOLINA COMUM;49,75;6,19;307,95
AUTO POSTO ASA DELTA LTDA;Parada UTGCA 2026;11/12/2025;;TEJ1I33;ETANOL ;4492;4,59;206,18
AUTO POSTO ASA DELTA LTDA;Transpetro Sao Sebastiao;11/12/2025;;TEQ0J84;GASOLINA COMUM;3789;6,29;238,33
AUTO POSTO DO TRABALHO PILAR LTDA;Parada Reduc;11/12/2025;15:39:00;SKP-8E19;OLEO DIESEL S10;72,741;60,4;439,35
AUTO POSTO DO TRABALHO PILAR LTDA;Parada Reduc;11/12/2025;11:16:00;SUN-2F81;GASOLINA COMUM;47,11;59,5;280,3
POSTO DE GASOLINA AMIGAO ITABORAI LTDA;Limpeza Gaslub;11/12/2025;13:47:53;SKO4B46;GASOLINA COMUM;39,99;5,99;239,54
POSTO DE GASOLINA ALESSANDRA LTDA;Mario Lago;12/12/2025;07:34:01;RGA3G60;ORIGINAL GASOLINA;490,9;6,39;313,69
POSTO DE GASOLINA ALESSANDRA LTDA;Mario Lago;12/12/2025;10:20:09;TEI4C64;ORIGINAL GASOLINA;327,9;6,39;209,53
POSTO DE GASOLINA ALESSANDRA LTDA;Mario Lago;12/12/2025;13:39:24;LMX2F82;ORIGINAL DIESEL B S-10;499,7;6,74;336,8
AUTO POSTO KAJIYA LTDA;Transpetro Sao Sebastiao;12/12/2025;;SKPB6B48;OLEO DIESEL B S10 GRID;79,688;6,49;517,04
AUTO POSTO KAJIYA LTDA;Transpetro Sao Sebastiao;12/12/2025;;TXH2E19;GASOLINA COMUM;35,631;6,19;220,55
AUTO POSTO ASA DELTA LTDA;Parada UTGCA 2026;12/12/2025;;TES4I65;GASOLINA COMUM;3833;6,29;241,1
AUTO POSTO DO TRABALHO PILAR LTDA;Parada Reduc;12/12/2025;20:30:00;TPK-7B07;ETANOL COMUM;39,719;45,9;182,31
POSTO DE GASOLINA AMIGAO ITABORAI LTDA;Limpeza Gaslub;12/12/2025;12:28:38;RRD4F27;GASOLINA SHELL V-POWER;41,84;6,19;258,99
POSTO DE GASOLINA ALESSANDRA LTDA;Mario Lago;13/12/2025;09:02:07;HJB1J02;ORIGINAL GASOLINA;109,55;6,39;70
POSTO DE GASOLINA AMIGAO ITABORAI LTDA;Limpeza Gaslub;13/12/2025;15:28:43;RVA2F74;GASOLINA COMUM;39,84;5,99;238,64
POSTO DE GASOLINA ALESSANDRA LTDA;Mario Lago;14/12/2025;10:20:38;KZA8I13;ORIGINAL ETANOL;146,14;4,79;70
AUTO POSTO ASA DELTA LTDA;Transpetro Sao Sebastiao;14/12/2025;;SKP0C57;OLEO DIESEL B S-10 ;16602;6,39;1060,87
AUTO POSTO ASA DELTA LTDA;Transpetro Sao Sebastiao;14/12/2025;;SKP0C57;ARLA 32 - 20 LITROS;100;180;180
POSTO DE GASOLINA AMIGAO ITABORAI LTDA;Limpeza Gaslub;14/12/2025;16:38:16;RRD4F27;GASOLINA SHELL V-POWER;37,549;6,19;232,43
POSTO DE GASOLINA ALESSANDRA LTDA;Mario Lago;15/12/2025;08:45:46;TEI4C64;ORIGINAL GASOLINA;272,9;6,39;174,38
POSTO DOS CAVALEIROS LTDA;Plataformas;15/12/2025;14:24:32;RMY5G19;GASOLINA COMUM;352,21;6,59;232,1
AUTO POSTO KAJIYA LTDA;Transpetro Sao Sebastiao;15/12/2025;;TXH2E19;GASOLINA COMUM;34,55;6,19;213,86
AUTO POSTO KAJIYA LTDA;Transpetro Sao Sebastiao;15/12/2025;;TEQJ084;GASOLINA COMUM;37,311;6,19;230,95
AUTO POSTO DO TRABALHO PILAR LTDA;Parada Reduc;15/12/2025;07:51:00;TDG-5J20;ETANOL COMUM;41,31;45,9;189,61
AUTO POSTO DO TRABALHO PILAR LTDA;Parada Reduc;15/12/2025;14:20:00;TJB-9B32;ETANOL COMUM;41,011;45,9;188,24
POSTO DE GASOLINA ALESSANDRA LTDA;Mario Lago;16/12/2025;07:18:42;TEI4C64;ORIGINAL GASOLINA;272,2;6,39;173,94
AUTO POSTO ASA DELTA LTDA;Parada UTGCA 2026;16/12/2025;;TEP5A99;GASOLINA COMUM;3837;6,29;241,35
AUTO POSTO ASA DELTA LTDA;Parada UTGCA 2026;16/12/2025;;TES4I65;GASOLINA COMUM;3071;6,29;193,17
AUTO POSTO DO TRABALHO JACAREPAGUA LTDA;Parada Reduc;16/12/2025;07:10:00;TPK-7B07;ETANOL COMUM;42,41;45,9;194,66
AUTO POSTO DO TRABALHO PILAR LTDA;Parada Reduc;16/12/2025;07:54:00;RIO-3387;OLEO DIESEL S10;282,451;60,4;1706
AUTO POSTO DO TRABALHO PILAR LTDA;Parada Reduc;16/12/2025;15:03:00;TEH-0H96;ETANOL COMUM;40,97;45,9;188,05
POSTO DE GASOLINA ALESSANDRA LTDA;Mario Lago;17/12/2025;07:26:43;LOV3273;ORIGINAL GASOLINA;156,5;6,39;100
POSTO DE GASOLINA ALESSANDRA LTDA;Mario Lago;17/12/2025;08:48:33;RKI6D05;ORIGINAL DIESEL B S-10;1961,7;6,74;1322,19
POSTO DE GASOLINA ALESSANDRA LTDA;Mario Lago;17/12/2025;17:03:23;TEI4C64;ORIGINAL GASOLINA;320,5;6,39;204,8
AUTO POSTO VARADOURO LTDA;Transpetro Sao Sebastiao;17/12/2025;;SKP6B48;Diesel-S10;76,61;6,46;494,95
AUTO POSTO KAJIYA LTDA;Transpetro Sao Sebastiao;17/12/2025;;FPW8G23;OLEO DIESEL B S10 GRID;77,042;6,49;500
AUTO POSTO KAJIYA LTDA;Transpetro Sao Sebastiao;17/12/2025;;FPW8G23;OLEO DIESEL B S10 GRID;231,125;6,49;1500
ZANIN E VIEIRA LTDA;Manutençao Tres Lagoas;17/12/2025;10:05:23;;DIESEL S 500;450;6,54;2943
ZANIN E VIEIRA LTDA;Manutençao Tres Lagoas;17/12/2025;10:05:23;;GASOLINA COMUM;212,617;6,19;1316,1
POSTO DE GASOLINA ALESSANDRA LTDA;Mario Lago;18/12/2025;16:35:29;ATF0816;ORIGINAL GASOLINA;234,74;6,39;150
AUTO POSTO KAJIYA LTDA;Transpetro Sao Sebastiao;18/12/2025;;TXH2E19;GASOLINA COMUM;28,291;6,19;175,12
AUTO POSTO ASA DELTA LTDA;Transpetro Sao Sebastiao;18/12/2025;;TEQ0J84;GASOLINA ADITIVADA;2538;6,29;159,64
AUTO POSTO DO TRABALHO PILAR LTDA;Parada Reduc;18/12/2025;14:49:00;TDG-5J20;GASOLINA COMUM;42,34;59,5;251,92
AUTO POSTO DO TRABALHO PILAR LTDA;Parada Reduc;18/12/2025;16:00:00;SUN-2F81;GASOLINA COMUM;48,871;59,5;290,78
POSTO DE GASOLINA ALESSANDRA LTDA;Mario Lago;19/12/2025;09:57:30;TEI4C64;ORIGINAL GASOLINA;238,3;6,39;152,27
AUTO POSTO KAJIYA LTDA;Transpetro Sao Sebastiao;19/12/2025;;TXH2E19;GASOLINA COMUM;24,39;6,19;150,97
AUTO POSTO KAJIYA LTDA;Transpetro Sao Sebastiao;19/12/2025;;TIY3F29;GASOLINA COMUM;28,861;6,15;177,41
AUTO POSTO ASA DELTA LTDA;Parada UTGCA 2026;19/12/2025;;TEJ1I33;ETANOL ;3714;4,49;170,47
POSTO DE GASOLINA AMIGAO ITABORAI LTDA;Limpeza Gaslub;20/12/2025;13:23:32;SKO4B46;GASOLINA COMUM;37,401;5,99;224,03
POSTO DE GASOLINA AMIGAO ITABORAI LTDA;Limpeza Gaslub;20/12/2025;17:37:39;SKP8D07;DIESEL S10 COMUM;68,93;5,99;412,89
POSTO DE GASOLINA AMIGAO ITABORAI LTDA;Limpeza Gaslub;20/12/2025;13:32:57;SKO4B46;GASOLINA COMUM;37,361;5,99;223,79
POSTO DE GASOLINA AMIGAO ITABORAI LTDA;Limpeza Gaslub;20/12/2025;13:29:57;RRD4F27;GASOLINA COMUM;42,501;5,99;254,58
POSTO DE GASOLINA AMIGAO ITABORAI LTDA;Limpeza Gaslub;20/12/2025;13:27:54;RVA2F74;GASOLINA COMUM;39,94;5,99;239,24
POSTO DE GASOLINA AMIGAO ITABORAI LTDA;Limpeza Gaslub;21/12/2025;11:08:42;RVA2F74;GASOLINA COMUM;40,14;5,99;240,44
POSTO DE GASOLINA ALESSANDRA LTDA;Mario Lago;22/12/2025;17:50:09;TEI4C64;ORIGINAL GASOLINA;227,4;6,39;145,31
AUTO POSTO KAJIYA LTDA;Transpetro Sao Sebastiao;22/12/2025;;TXH2E19;GASOLINA COMUM;36,64;6,19;226,8
AUTO POSTO KAJIYA LTDA;Transpetro Sao Sebastiao;22/12/2025;;SKPB6B48;OLEO DIESEL B S10 GRID;82,902;6,49;538,03
AUTO POSTO ASA DELTA LTDA;Transpetro Sao Sebastiao;22/12/2025;;TIY3F29;GASOLINA COMUM;2399;6,29;150,9
AUTO POSTO DO TRABALHO PILAR LTDA;Parada Reduc;22/12/2025;17:36:00;TJB-9B32;ETANOL COMUM;43,939;45,9;201,68
AUTO POSTO ASA DELTA LTDA;Transpetro Sao Sebastiao;23/12/2025;;TIY3F29;GASOLINA COMUM;2102;6,39;134,32
AUTO POSTO DO TRABALHO PILAR LTDA;Parada Reduc;23/12/2025;11:27:00;TEH-0H96;ETANOL COMUM;39,892;45,9;183,1
AUTO POSTO DO TRABALHO PILAR LTDA;Parada Reduc;23/12/2025;09:12:00;SKP-8E19;OLEO DIESEL S10;72,78;60,4;439,59
AUTO POSTO DO TRABALHO PILAR LTDA;Parada Reduc;23/12/2025;10:51:00;SKP-9H95;OLEO DIESEL S10;404,06;60,4;2440,52
POSTO DE GASOLINA AMIGAO ITABORAI LTDA;Limpeza Gaslub;23/12/2025;17:08:31;RRD4F27;GASOLINA COMUM;40,24;5,99;241,04
POSTO DE GASOLINA AMIGAO ITABORAI LTDA;Limpeza Gaslub;23/12/2025;11:58:09;SKO4B46;GASOLINA COMUM;44,13;5,99;264,34
POSTO DE GASOLINA AMIGAO ITABORAI LTDA;Limpeza Gaslub;25/12/2025;12:13:51;RVA2F74;GASOLINA COMUM;39,619;5,99;237,32
AUTO POSTO ASA DELTA LTDA;Transpetro Sao Sebastiao;26/12/2025;;FPW8G23;OLEO DIESEL B S-10 ;3130;6,39;200
AUTO POSTO ASA DELTA LTDA;Transpetro Sao Sebastiao;26/12/2025;;FPW8G23;OLEO DIESEL B S-10 ;7825;6,39;500
POSTO DE GASOLINA AMIGAO ITABORAI LTDA;Limpeza Gaslub;26/12/2025;14:05:55;TTF6C50;DIESEL S10 COMUM;128,501;5,99;769,72
POSTO DE GASOLINA AMIGAO ITABORAI LTDA;Limpeza Gaslub;27/12/2025;17:06:32;RRD4F27;GASOLINA COMUM;35,07;5,99;210,07
POSTO PORTAL DE SUAPE LTDA;Tanques Suape - PE;29/12/2025;;RUO-6I97;DIESEL S10;450;5,77;2596,5
POSTO DE GASOLINA AMIGAO ITABORAI LTDA;Limpeza Gaslub;29/12/2025;14:11:14;RVA2F74;GASOLINA COMUM;41,75;5,99;250,08
POSTO DE GASOLINA AMIGAO ITABORAI LTDA;Limpeza Gaslub;29/12/2025;17:46:51;SKP8D07;DIESEL S10 COMUM;64,351;5,99;385,46
AUTO POSTO ASA DELTA LTDA;Transpetro Sao Sebastiao;30/12/2025;;TIY3F29;GASOLINA COMUM;3117;6,39;199,18
AUTO POSTO DO TRABALHO JACAREPAGUA LTDA;Parada Reduc;30/12/2025;15:46:00;TPK-7B07;ETANOL COMUM;39,711;45,9;182,27
AUTO POSTO DO TRABALHO PILAR LTDA;Parada Reduc;30/12/2025;15:15:00;TJB-9B32;ETANOL COMUM;47,811;45,9;219,45
POSTO DE GASOLINA AMIGAO ITABORAI LTDA;Limpeza Gaslub;30/12/2025;21:23:45;RRD4F27;GASOLINA SHELL V-POWER;36,351;6,19;225,01
POSTO DE GASOLINA AMIGAO ITABORAI LTDA;Limpeza Gaslub;30/12/2025;10:13:32;SKO4B46;GASOLINA COMUM;39,55;6,09;240,86
POSTO DE GASOLINA AMIGAO ITABORAI LTDA;Limpeza Gaslub;02/01/2026;13:53:39;RVA2F74;GASOLINA COMUM;41,181;6,09;250,79
AUTO POSTO DO TRABALHO PILAR LTDA;Parada Reduc;03/01/2026;08:28:00;RIO-3387;OLEO DIESEL S10;244,31;61,4;1500,06
AUTO POSTO DO TRABALHO PILAR LTDA;Parada Reduc;03/01/2026;09:03:00;SKP-8E19;OLEO DIESEL S10;72,621;61,4;445,89
AUTO POSTO DO TRABALHO PILAR LTDA;Parada Reduc;03/01/2026;12:11:00;SUN-2F81;GASOLINA COMUM;51,24;60,5;310
POSTO DE GASOLINA AMIGAO ITABORAI LTDA;Limpeza Gaslub;03/01/2026;13:37:18;RRD4F27;GASOLINA COMUM;45,7;6,09;278,31
AUTO POSTO ASA DELTA LTDA;Transpetro Sao Sebastiao;04/01/2026;;TIY3F29;GASOLINA COMUM;28,711;6,49;186,33
AUTO POSTO DO TRABALHO PILAR LTDA;Parada Reduc;04/01/2026;08:04:00;KRT-2186;OLEO DIESEL S10;196,16;61,4;1204,42
POSTO DOS CAVALEIROS LTDA;Plataformas;05/01/2026;17:32:46;LMX2F82;DIESEL S-10 ADITIVADO;496,5;6,99;347,05
POSTO DOS CAVALEIROS LTDA;Plataformas;05/01/2026;13:56:23;RMY5G19;GASOLINA COMUM;375,1;6,59;247,19
AUTO POSTO KAJIYA LTDA;Transpetro Sao Sebastiao;05/01/2026;;TXH2E19;GASOLINA PETROBRAS GRID-LI;38,281;6,59;252,27
POSTO PORTAL DE SUAPE LTDA;Tanques Suape - PE;05/01/2026;;RUO-6I97;DIESEL S10;450;5,77;2596,5
POSTO PORTAL DE SUAPE LTDA;Tanques Suape - PE;05/01/2026;;RUO-6I97;GASOLINA COMUM;37,209;6,45;240
POSTO PORTAL DE SUAPE LTDA;Tanques Suape - PE;05/01/2026;;TXO-8H06;GASOLINA COMUM;42,63;6,45;274,96
POSTO PORTAL DE SUAPE LTDA;Tanques Suape - PE;05/01/2026;;SKP-8J29;DIESEL S10;79,459;5,88;467,22
AUTO POSTO ASA DELTA LTDA;Parada UTGCA 2026;05/01/2026;;TES4I65;GASOLINA COMUM;33,52;6,49;217,54
AUTO POSTO DO TRABALHO PILAR LTDA;Parada Reduc;05/01/2026;08:28:00;TDG-5J20;GASOLINA COMUM;40,87;60,5;247,26
AUTO POSTO DO TRABALHO PILAR LTDA;Parada Reduc;05/01/2026;12:27:00;TJB-9B32;ETANOL COMUM;39,67;46,9;186,05
POSTO DE GASOLINA AMIGAO ITABORAI LTDA;Limpeza Gaslub;05/01/2026;17:43:54;SKO4B46;GASOLINA COMUM;38,78;6,19;240,05
AUTO POSTO VARADOURO LTDA;Transpetro Sao Sebastiao;06/01/2026;;Gerador pequeno;Diesel-S10;59;6,76;398,84
AUTO POSTO VARADOURO LTDA;Transpetro Sao Sebastiao;06/01/2026;;Gerador grande;Diesel-S10;126,2;6,76;853,11
AUTO POSTO VARADOURO LTDA;Transpetro Sao Sebastiao;06/01/2026;;Compressor;Diesel-S10;168,8;6,76;1141,09
AUTO POSTO KAJIYA LTDA;Transpetro Sao Sebastiao;06/01/2026;;SKPOC57;OLEO DIESEL B S10 GRID;279,628;6,49;1814,77
AUTO POSTO KAJIYA LTDA;Transpetro Sao Sebastiao;06/01/2026;;SKPOC57;ARLA;1;130;130
AUTO POSTO KAJIYA LTDA;Transpetro Sao Sebastiao;06/01/2026;;SKPB6B48;OLEO DIESEL B S10 GRID;81,682;6,49;530,11
POSTO PORTAL DE SUAPE LTDA;Tanques Suape - PE;06/01/2026;;RUO-6I97;DIESEL S10;288,81;5,88;1698,2
AUTO POSTO ASA DELTA LTDA;Parada UTGCA 2026;06/01/2026;;TEP5A99;GASOLINA COMUM;40,27;6,49;261,35
ZANIN E VIEIRA LTDA;Manutençao Tres Lagoas;06/01/2026;15:02:08;;GASOLINA COMUM;212,39;6,29;1335,93
AUTO POSTO DO TRABALHO PILAR LTDA;Parada Reduc;06/01/2026;12:38:00;TJB-9B32;GASOLINA COMUM;46,22;60,5;279,63
POSTO DE GASOLINA AMIGAO ITABORAI LTDA;Limpeza Gaslub;06/01/2026;14:49:12;RRD4F27;GASOLINA COMUM;22,59;6,19;139,83
POSTO DE GASOLINA AMIGAO ITABORAI LTDA;Limpeza Gaslub;06/01/2026;14:48:10;RRD4F27;GASOLINA COMUM;32,83;6,19;203,22
POSTO DE GASOLINA AMIGAO ITABORAI LTDA;Limpeza Gaslub;06/01/2026;14:28:39;RUA2F74;GASOLINA COMUM;40,27;6,19;249,27
POSTO DE GASOLINA AMIGAO ITABORAI LTDA;Limpeza Gaslub;06/01/2026;14:58:48;RRD4F27;DIESEL COMUM;46,401;5,99;277,94
POSTO DE GASOLINA AMIGAO ITABORAI LTDA;Limpeza Gaslub;06/01/2026;18:31:29;SKP8D07;DIESEL S10 COMUM;68,599;6,09;417,77
POSTO PORTAL DE SUAPE LTDA;Tanques Suape - PE;07/01/2026;;RRE-7I66;DIESEL S10;156,59;5,88;920,75
POSTO PORTAL DE SUAPE LTDA;Tanques Suape - PE;07/01/2026;;RRE-7I66;DIESEL S10;140;5,88;823,2
AUTO POSTO ASA DELTA LTDA;Transpetro Sao Sebastiao;07/01/2026;;FPW8G23;OLEO DIESEL B S-10 ;493,401;6,49;3202,17
AUTO POSTO ASA DELTA LTDA;Parada UTGCA 2026;07/01/2026;;TEJ1I33;ETANOL ;45,209;4,69;212,03
AUTO POSTO DO TRABALHO JACAREPAGUA LTDA;Parada Reduc;07/01/2026;09:23:00;TPK-7B07;ETANOL COMUM;43,271;46,9;202,94
AUTO POSTO DO TRABALHO PILAR LTDA;Parada Reduc;07/01/2026;13:35:00;TEH-0H96;ETANOL COMUM;44,03;46,9;206,5
AUTO POSTO DO TRABALHO PILAR LTDA;Parada Reduc;07/01/2026;11:03:00;SUN-2F81;ETANOL COMUM;40,05;46,9;187,83
POSTO DOS CAVALEIROS LTDA;Plataformas;08/01/2026;16:50:40;RMM5C81;GASOLINA COMUM;444,7;6,75;300,17
AUTO POSTO KAJIYA LTDA;Transpetro Sao Sebastiao;08/01/2026;;QXHB219;GASOLINA COMUM;29,01;6,29;182,47
AUTO POSTO KAJIYA LTDA;Transpetro Sao Sebastiao;08/01/2026;;TXI5C48;GASOLINA COMUM;32,19;6,39;205,69
POSTO PORTAL DE SUAPE LTDA;Tanques Suape - PE;08/01/2026;;RUO-6I97;GASOLINA COMUM;41,44;6,45;267,29
POSTO PORTAL DE SUAPE LTDA;Tanques Suape - PE;08/01/2026;;TXO-8H06;GASOLINA COMUM;43,081;6,45;277,87
AUTO POSTO DO TRABALHO PILAR LTDA;Parada Reduc;08/01/2026;08:38:00;SKP-8E19;OLEO DIESEL S10;74,8;61,4;459,27
AUTO POSTO DO TRABALHO PILAR LTDA;Parada Reduc;08/01/2026;19:14:00;TDG-5J20;GASOLINA COMUM;37,711;60,5;228,15
POSTO DE GASOLINA AMIGAO ITABORAI LTDA;Limpeza Gaslub;08/01/2026;06:48:16;SKO4B46;GASOLINA COMUM;38,981;6,19;241,29
POSTO DE GASOLINA AMIGAO ITABORAI LTDA;Limpeza Gaslub;08/01/2026;17:45:25;RRD4F27;GASOLINA COMUM;33,931;6,19;210,03
AUTO POSTO KAJIYA LTDA;Transpetro Sao Sebastiao;09/01/2026;;TXH2E19;GASOLINA COMUM;14,24;6,39;90,99
AUTO POSTO ASA DELTA LTDA;Transpetro Sao Sebastiao;09/01/2026;;RKI6D05;OLEO DIESEL B S-10 ;193,13;6,49;1253,41
AUTO POSTO DO TRABALHO PILAR LTDA;Parada Reduc;09/01/2026;11:00:00;TJB-9B32;ETANOL COMUM;42,751;46,9;200,5
AUTO POSTO DO TRABALHO PILAR LTDA;Parada Reduc;09/01/2026;08:49:00;KRT-2186;OLEO DIESEL S10;245;61,4;1504,3
AUTO POSTO DO TRABALHO PILAR LTDA;Parada Reduc;10/01/2026;11:12:00;TJB-9B32;ETANOL COMUM;46,201;46,9;216,68
AUTO POSTO DO TRABALHO PILAR LTDA;Parada Reduc;10/01/2026;09:19:00;SUN-2F81;ETANOL COMUM;54;46,9;253,26
AUTO POSTO DO TRABALHO PILAR LTDA;Parada Reduc;10/01/2026;20:22:00;TDG-5J20;GASOLINA ADITIVADA;33,981;61,5;208,98
POSTO DE GASOLINA AMIGAO ITABORAI LTDA;Limpeza Gaslub;10/01/2026;08:31:45;RVA2F74;GASOLINA COMUM;40,439;6,19;250,32
AUTO POSTO ASA DELTA LTDA;Transpetro Sao Sebastiao;11/01/2026;;SJL6D86;GASOLINA COMUM;43,281;6,49;280,89
AUTO POSTO DO TRABALHO JACAREPAGUA LTDA;Parada Reduc;11/01/2026;06:58:00;TPK-7B07;ETANOL COMUM;42,211;47,9;202,19
AUTO POSTO DO TRABALHO PILAR LTDA;Parada Reduc;11/01/2026;08:25:00;SKP-8E19;OLEO DIESEL S10;73,23;61,4;449,63
POSTO DE GASOLINA AMIGAO ITABORAI LTDA;Limpeza Gaslub;11/01/2026;16:37:34;RRP4F27;GASOLINA SHELL V-POWER;39,599;6,29;249,08
AUTO POSTO KAJIYA LTDA;Transpetro Sao Sebastiao;12/01/2026;;SKPB6B48;OLEO DIESEL B S10 GRID;82,11;6,49;532,89
POSTO PORTAL DE SUAPE LTDA;Tanques Suape - PE;12/01/2026;;RUO-6I97;GASOLINA GRID;37,72;6,75;254,61
POSTO PORTAL DE SUAPE LTDA;Tanques Suape - PE;12/01/2026;;RUO-6I97;DIESEL S10;403,09;5,79;2333,89
POSTO PORTAL DE SUAPE LTDA;Tanques Suape - PE;12/01/2026;;TXO-8H06;GASOLINA GRID;39,339;6,75;265,54
POSTO PORTAL DE SUAPE LTDA;Tanques Suape - PE;12/01/2026;;SKP-8J29;DIESEL S10;56,591;5,79;327,66
AUTO POSTO ASA DELTA LTDA;Parada UTGCA 2026;12/01/2026;;TES4I65;GASOLINA COMUM;43,161;6,49;280,11
AUTO POSTO DO TRABALHO JACAREPAGUA LTDA;Parada Reduc;12/01/2026;14:09:00;TPK-7B07;ETANOL COMUM;42,09;47,9;201,61
AUTO POSTO DO TRABALHO PILAR LTDA;Parada Reduc;12/01/2026;13:04:00;TEH-0H96;ETANOL COMUM;44,51;47,9;213,2
POSTO DE GASOLINA AMIGAO ITABORAI LTDA;Limpeza Gaslub;12/01/2026;17:42:07;SKO4B46;GASOLINA COMUM;43,89;6,19;271,68
POSTO DE GASOLINA AMIGAO ITABORAI LTDA;Limpeza Gaslub;12/01/2026;07:52:10;SKP8D07;DIESEL S10 COMUM;70,53;6,09;429,53
AUTO POSTO KAJIYA LTDA;Transpetro Sao Sebastiao;13/01/2026;;SJL8B86;GASOLINA COMUM;37,75;6,39;241,22
AUTO POSTO KAJIYA LTDA;Transpetro Sao Sebastiao;13/01/2026;;TXH2E11;GASOLINA COMUM;35,791;6,39;228,7
AUTO POSTO DO TRABALHO PILAR LTDA;Parada Reduc;13/01/2026;18:14:00;TDG-5J20;GASOLINA COMUM;33,071;61;201,73
AUTO POSTO DO TRABALHO PILAR LTDA;Parada Reduc;13/01/2026;08:26:00;KRT-2186;OLEO DIESEL S10;244,94;61,4;1503,93
AUTO POSTO DO TRABALHO PILAR LTDA;Parada Reduc;13/01/2026;08:31:00;SUN-2F81;ETANOL COMUM;53,641;47,9;256,94
POSTO DE GASOLINA AMIGAO ITABORAI LTDA;Limpeza Gaslub;13/01/2026;11:59:23;RRD4F27;GASOLINA COMUM;25,46;6,19;157,6
POSTO DOS CAVALEIROS LTDA;Plataformas;14/01/2026;12:47:04;LMX2F82;DIESEL S-10 ADITIVADO;500,81;6,99;350,06
AUTO POSTO KAJIYA LTDA;Transpetro Sao Sebastiao;14/01/2026;;TXJ3A24;GASOLINA COMUM;22,83;6,39;145,88
AUTO POSTO ASA DELTA LTDA;Parada UTGCA 2026;14/01/2026;;TEJ1I33;GASOLINA COMUM;42;6,49;272,58
AUTO POSTO ASA DELTA LTDA;Parada UTGCA 2026;14/01/2026;;TES4I65;GASOLINA COMUM;38,201;6,49;247,92
AUTO POSTO DO TRABALHO PILAR LTDA;Parada Reduc;14/01/2026;08:51:00;SKP-8E19;OLEO DIESEL S10;66,72;61,4;409,66
AUTO POSTO DO TRABALHO PILAR LTDA;Parada Reduc;14/01/2026;19:34:00;TJB-9B32;ETANOL COMUM;47,23;47,9;226,23
POSTO DE GASOLINA AMIGAO ITABORAI LTDA;Limpeza Gaslub;14/01/2026;17:50:32;SKO4B46;GASOLINA COMUM;38,75;6,19;239,86
POSTO DE GASOLINA AMIGAO ITABORAI LTDA;Limpeza Gaslub;14/01/2026;13:01:52;RVA2F74;GASOLINA COMUM;40,67;6,19;251,75
POSTO DOS CAVALEIROS LTDA;Plataformas;15/01/2026;08:35:22;RMY5G19;GASOLINA COMUM;385,9;6,75;260,48
AUTO POSTO KAJIYA LTDA;Transpetro Sao Sebastiao;15/01/2026;;LSO9881;OLEO DIESEL B S10 GRID;49,168;6,49;319,1
AUTO POSTO KAJIYA LTDA;Transpetro Sao Sebastiao;15/01/2026;;TXH2E19;GASOLINA COMUM;30,691;6,39;196,11
POSTO PORTAL DE SUAPE LTDA;Tanques Suape - PE;15/01/2026;;RUO-6I97;DIESEL S10;430;5,79;2489,7
POSTO PORTAL DE SUAPE LTDA;Tanques Suape - PE;15/01/2026;;TXO-8H06;GASOLINA COMUM;40,73;6,75;274,93
POSTO PORTAL DE SUAPE LTDA;Tanques Suape - PE;15/01/2026;;RUO-6I97;GASOLINA COMUM;37,01;6,75;249,82
AUTO POSTO ASA DELTA LTDA;Transpetro Sao Sebastiao;15/01/2026;;RKI6D05;OLEO DIESEL B S-10 ;180;6,49;1168,2
AUTO POSTO ASA DELTA LTDA;Transpetro Sao Sebastiao;15/01/2026;;SKP0C57;OLEO DIESEL B S-10 ;94,37;6,49;612,46
AUTO POSTO ASA DELTA LTDA;Transpetro Sao Sebastiao;15/01/2026;;RKI6D05;ARLA 32 - 20 LITROS;1;180;180
AUTO POSTO DO TRABALHO PILAR LTDA;Parada Reduc;15/01/2026;18:04:00;TEH-0H96;ETANOL COMUM;38,17;47,9;182,83
AUTO POSTO DO TRABALHO PILAR LTDA;Parada Reduc;15/01/2026;11:05:00;SUN-2F81;ETANOL COMUM;51;47,9;244,29
POSTO DE GASOLINA AMIGAO ITABORAI LTDA;Limpeza Gaslub;15/01/2026;17:48:25;RRD4F27;GASOLINA COMUM;38,451;6,19;238,01
POSTO PORTAL DE SUAPE LTDA;Tanques Suape - PE;16/01/2026;;RUO-6I97;DIESEL S10;300;5,79;1737
AUTO POSTO ASA DELTA LTDA;Parada UTGCA 2026;16/01/2026;;TES4I65;GASOLINA COMUM;37,29;6,49;242,01
AUTO POSTO DO TRABALHO JACAREPAGUA LTDA;Parada Reduc;16/01/2026;08:03:00;TPK-7B07;ETANOL COMUM;40,692;47,9;194,91
AUTO POSTO DO TRABALHO PILAR LTDA;Parada Reduc;16/01/2026;20:27:00;TDG-5J20;GASOLINA ADITIVADA;35,96;62;222,95
POSTO DE GASOLINA AMIGAO ITABORAI LTDA;Limpeza Gaslub;16/01/2026;17:44:34;SKP8D07;DIESEL S10 COMUM;81,47;6,09;496,15
POSTO DE GASOLINA AMIGAO ITABORAI LTDA;Limpeza Gaslub;16/01/2026;16:50:48;SKO4B46;GASOLINA COMUM;37,969;6,19;235,03
AUTO POSTO DO TRABALHO PILAR LTDA;Parada Reduc;17/01/2026;16:01:00;SKP-9H95;OLEO DIESEL S10;394,911;61,4;2424,75
AUTO POSTO DO TRABALHO PILAR LTDA;Parada Reduc;17/01/2026;20:26:00;SKP-8E19;OLEO DIESEL S10;67,691;61,4;415,62
AUTO POSTO DO TRABALHO PILAR LTDA;Parada Reduc;17/01/2026;14:38:00;SUN-2F81;ETANOL COMUM;50,32;47,9;241,03
AUTO POSTO DO TRABALHO PILAR LTDA;Parada Reduc;17/01/2026;19:39:00;KRT-2186;OLEO DIESEL S10;274,211;61,4;1683,65
POSTO DE GASOLINA AMIGAO ITABORAI LTDA;Limpeza Gaslub;18/01/2026;11:20:18;RVA2F74;GASOLINA COMUM;42,019;6,19;260,1
POSTO PORTAL DE SUAPE LTDA;Tanques Suape - PE;19/01/2026;;RUO-6I97;GASOLINA COMUM;41,26;6,59;271,9
AUTO POSTO ASA DELTA LTDA;Transpetro Sao Sebastiao;19/01/2026;;SKP0C57;OLEO DIESEL B S-10 ;305,871;6,49;1985,1
AUTO POSTO ASA DELTA LTDA;Transpetro Sao Sebastiao;19/01/2026;;SKP0C57;ARLA 32 - 20 LITROS;2;180;360
AUTO POSTO ASA DELTA LTDA;Parada UTGCA 2026;19/01/2026;;TEP5A99;GASOLINA COMUM;41,551;6,49;269,67
ZANIN E VIEIRA LTDA;Manutençao Tres Lagoas;19/01/2026;14:14:45;;GASOLINA COMUM;142,521;6,39;910,71
ZANIN E VIEIRA LTDA;Manutençao Tres Lagoas;19/01/2026;14:14:45;;DIESEL S 500;450;6,54;2943
AUTO POSTO DO TRABALHO PILAR LTDA;Parada Reduc;19/01/2026;20:14:00;TJB-9B32;ETANOL COMUM;42,14;47,9;201,85
AUTO POSTO DO TRABALHO PILAR LTDA;Parada Reduc;19/01/2026;09:14:00;TPK-7B07;ETANOL COMUM;38,22;47,9;183,07
POSTO DE GASOLINA AMIGAO ITABORAI LTDA;Limpeza Gaslub;19/01/2026;06:42:24;RRD4F27;GASOLINA COMUM;44,75;6,19;277
POSTO PORTAL DE SUAPE LTDA;Tanques Suape - PE;20/01/2026;;RUO-6I97;GASOLINA COMUM;40;6,59;263,6
POSTO PORTAL DE SUAPE LTDA;Tanques Suape - PE;20/01/2026;;SPK-8J29;DIESEL S10;75,061;5,79;434,6
POSTO PORTAL DE SUAPE LTDA;Tanques Suape - PE;20/01/2026;;TXO-8H06;GASOLINA COMUM;42,51;6,59;280,14
AUTO POSTO ASA DELTA LTDA;Parada UTGCA 2026;20/01/2026;;TES4I65;GASOLINA COMUM;37,39;6,49;242,66
AUTO POSTO DO TRABALHO PILAR LTDA;Parada Reduc;20/01/2026;05:18:00;KRT-2186;OLEO DIESEL S10;250,73;61,4;1539,48
AUTO POSTO DO TRABALHO PILAR LTDA;Parada Reduc;20/01/2026;18:57:00;TEH-0H96;ETANOL COMUM;29,13;47,9;139,53
POSTO PORTAL DE SUAPE LTDA;Tanques Suape - PE;21/01/2026;;RUO-6I97;DIESEL S10;450;5,79;2605,5
AUTO POSTO DO TRABALHO PILAR LTDA;Parada Reduc;21/01/2026;19:46:00;TDG-5J20;GASOLINA COMUM;41,751;61;254,68
AUTO POSTO DO TRABALHO PILAR LTDA;Parada Reduc;21/01/2026;08:57:00;SUN-2F81;ETANOL COMUM;47,541;47,9;227,72
POSTO DE GASOLINA AMIGAO ITABORAI LTDA;Limpeza Gaslub;21/01/2026;06:39:35;SKO4B46;GASOLINA COMUM;34,759;6,19;215,16
POSTO DE GASOLINA AMIGAO ITABORAI LTDA;Limpeza Gaslub;21/01/2026;15:50:01;TTF6C50;DIESEL S10 COMUM;91,23;6,09;555,59
POSTO DOS CAVALEIROS LTDA;Plataformas;22/01/2026;12:03:29;RMY5G19;GASOLINA COMUM;344,6;6,75;232,6
POSTO DOS CAVALEIROS LTDA;Plataformas;22/01/2026;12:03:29;RMY5G19;PALHETA  TOTALCLIP;20;50;100
POSTO PORTAL DE SUAPE LTDA;Tanques Suape - PE;22/01/2026;;RRE-7I66;DIESEL S10;260,01;5,79;1505,46
POSTO PORTAL DE SUAPE LTDA;Tanques Suape - PE;22/01/2026;;RUO-6I97;GASOLINA COMUM;40,039;6,59;263,86
AUTO POSTO ASA DELTA LTDA;Parada UTGCA 2026;22/01/2026;;TEJ1I33;GASOLINA COMUM;43,54;6,49;282,57
AUTO POSTO ASA DELTA LTDA;Parada UTGCA 2026;22/01/2026;;TES4I65;GASOLINA COMUM;36,64;6,49;237,79
POSTO DE GASOLINA AMIGAO ITABORAI LTDA;Limpeza Gaslub;22/01/2026;15:51:17;RVI6H54;GASOLINA COMUM;37,611;6,19;232,81
POSTO DE GASOLINA AMIGAO ITABORAI LTDA;Limpeza Gaslub;22/01/2026;15:48:59;SKO4B46;GASOLINA COMUM;35,57;6,19;220,18
POSTO DE GASOLINA AMIGAO ITABORAI LTDA;Limpeza Gaslub;22/01/2026;08:02:03;RVA2F74;GASOLINA COMUM;32,661;6,19;202,17
POSTO DOS CAVALEIROS LTDA;Plataformas;23/01/2026;16:21:10;QXV3A78;ETANOL ADITIVADO;155,7;5,39;83,92
POSTO DOS CAVALEIROS LTDA;Plataformas;23/01/2026;16:43:51;RMM5C81;GASOLINA COMUM;409,1;6,75;276,14
POSTO PORTAL DE SUAPE LTDA;Tanques Suape - PE;23/01/2026;;SPK-8J29;DIESEL S10;42,19;5,79;244,28
POSTO PORTAL DE SUAPE LTDA;Tanques Suape - PE;23/01/2026;;SPK-8J29;ARLA 32 GRANEL;14,041;3,99;56,02
AUTO POSTO ASA DELTA LTDA;Parada UTGCA 2026;23/01/2026;;TXY2C80;ETANOL ;36,561;4,89;178,78
AUTO POSTO ASA DELTA LTDA;Parada UTGCA 2026;23/01/2026;;TJX3A24;GASOLINA COMUM;28,361;6,49;184,06
AUTO POSTO DO TRABALHO JACAREPAGUA LTDA;Parada Reduc;23/01/2026;06:58:00;TPK-7B07;ETANOL COMUM;39,22;47,9;187,86
AUTO POSTO DO TRABALHO PILAR LTDA;Parada Reduc;23/01/2026;17:08:00;TJB-9B32;ETANOL COMUM;52,42;47,9;251,09
AUTO POSTO DO TRABALHO PILAR LTDA;Parada Reduc;23/01/2026;12:40:00;SUN-2F81;ETANOL COMUM;49,27;47,9;236
AUTO POSTO DO TRABALHO PILAR LTDA;Parada Reduc;23/01/2026;19:14:00;TEH-0H96;ETANOL COMUM;42,861;47,9;205,3
POSTO DE GASOLINA AMIGAO ITABORAI LTDA;Limpeza Gaslub;25/01/2026;12:16:51;SKP8D07;DIESEL S10 COMUM;69,719;6,09;424,59
POSTO PORTAL DE SUAPE LTDA;Tanques Suape - PE;26/01/2026;;RUO-6I97;DIESEL S10;479;5,79;2773,41
POSTO PORTAL DE SUAPE LTDA;Tanques Suape - PE;26/01/2026;;TXO-8H06;GASOLINA COMUM;42,41;6,59;279,48
POSTO PORTAL DE SUAPE LTDA;Tanques Suape - PE;26/01/2026;;RUO-6I97;GASOLINA COMUM;36,401;6,59;239,88
AUTO POSTO ASA DELTA LTDA;Transpetro Sao Sebastiao;26/01/2026;;TXH2E19;GASOLINA COMUM;36,49;6,49;236,82
AUTO POSTO ASA DELTA LTDA;Parada UTGCA 2026;26/01/2026;;TES4I65;GASOLINA COMUM;41,13;6,49;266,93
AUTO POSTO ASA DELTA LTDA;Parada UTGCA 2026;26/01/2026;;EEB5D61;OLEO DIESEL B S-10 ;63,971;6,49;415,17
AUTO POSTO DO TRABALHO PILAR LTDA;Parada Reduc;26/01/2026;09:21:00;SUN-2F81;ETANOL COMUM;51,261;47,9;245,54
AUTO POSTO DO TRABALHO PILAR LTDA;Parada Reduc;26/01/2026;17:03:00;TJV-9B32;ETANOL COMUM;33,56;47,9;160,75
AUTO POSTO DO TRABALHO PILAR LTDA;Parada Reduc;26/01/2026;15:33:00;RIO-3G87;OLEO DIESEL S10;280,01;61,4;1719,26
AUTO POSTO DO TRABALHO PILAR LTDA;Parada Reduc;26/01/2026;11:02:00;TDG-5J20;ETANOL COMUM;44,32;47,9;212,29
POSTO DE GASOLINA AMIGAO ITABORAI LTDA;Limpeza Gaslub;26/01/2026;08:45:49;RVA2F74;GASOLINA COMUM;42,09;6,19;260,54
POSTO DE GASOLINA AMIGAO ITABORAI LTDA;Limpeza Gaslub;26/01/2026;06:49:31;SKO4B46;GASOLINA COMUM;38,129;6,19;236,02
POSTO DE GASOLINA AMIGAO ITABORAI LTDA;Limpeza Gaslub;26/01/2026;15:17:15;SKO4B46;GASOLINA COMUM;80;6,19;495,2
POSTO DE GASOLINA AMIGAO ITABORAI LTDA;Limpeza Gaslub;26/01/2026;19:50:53;RVI6H54;GASOLINA COMUM;42,859;6,19;265,3
AUTO POSTO ASA DELTA LTDA;Parada UTGCA 2026;27/01/2026;;TEJ1I33;GASOLINA COMUM;46,11;6,49;299,25
AUTO POSTO DO TRABALHO PILAR LTDA;Parada Reduc;27/01/2026;17:26:00;TPK-7B07;GASOLINA ADITIVADA;40,01;62;248,06
POSTO DE GASOLINA AMIGAO ITABORAI LTDA;Limpeza Gaslub;27/01/2026;17:48:16;SKO4B46;GASOLINA COMUM;34,46;6,19;213,31
AUTO POSTO ASA DELTA LTDA;Transpetro Sao Sebastiao;28/01/2026;;FPW8G23;OLEO DIESEL B S-10 ;559,17;6,49;3629,01
AUTO POSTO ASA DELTA LTDA;Parada UTGCA 2026;28/01/2026;;TEC4I65;GASOLINA ADITIVADA;28,791;6,49;186,85
AUTO POSTO DO TRABALHO PILAR LTDA;Parada Reduc;28/01/2026;10:06:00;SUN2F81;GASOLINA ADITIVADA;47,11;62;292,08
AUTO POSTO DO TRABALHO PILAR LTDA;Parada Reduc;28/01/2026;15:18:00;TEH-0H96;ETANOL COMUM;46,221;48,9;226,02
AUTO POSTO DO TRABALHO PILAR LTDA;Parada Reduc;28/01/2026;12:08:00;TJV-9B32;ETANOL COMUM;50,05;48,9;244,74
POSTO DOS CAVALEIROS LTDA;Plataformas;29/01/2026;11:24:45;MRY5G19;GASOLINA COMUM;378;6,75;255,15
POSTO DOS CAVALEIROS LTDA;Plataformas;29/01/2026;09:46:18;LMX2F82;DIESEL S-10 ADITIVADO;515,1;6,99;360,05
POSTO PORTAL DE SUAPE LTDA;Tanques Suape - PE;29/01/2026;;RUO-6I97;GASOLINA COMUM;39,839;6,47;257,76
POSTO PORTAL DE SUAPE LTDA;Tanques Suape - PE;29/01/2026;;RUO-6I97;DIESEL S10;450;5,79;2605,5
POSTO PORTAL DE SUAPE LTDA;Tanques Suape - PE;29/01/2026;;TXO-8H06;GASOLINA COMUM;43,331;6,47;280,35
AUTO POSTO ASA DELTA LTDA;Transpetro Sao Sebastiao;29/01/2026;;TXH2E19;GASOLINA COMUM;32,92;6,49;213,65
AUTO POSTO DO TRABALHO PILAR LTDA;Parada Reduc;29/01/2026;07:58:00;KRT-2B86;OLEO DIESEL S10;226,181;61,4;1388,75
POSTO DE GASOLINA AMIGAO ITABORAI LTDA;Limpeza Gaslub;29/01/2026;17:46:10;SKO4B46;GASOLINA COMUM;39,91;6,19;247,04
POSTO DE GASOLINA AMIGAO ITABORAI LTDA;Limpeza Gaslub;29/01/2026;12:59:11;RVA2F74;GASOLINA COMUM;33,31;6,19;206,19
AUTO POSTO VARADOURO LTDA;Transpetro Sao Sebastiao;30/01/2026;;SKP6B48;Die/Biodiesel Comum S-10;28,038;6,46;181,12
POSTO PORTAL DE SUAPE LTDA;Tanques Suape - PE;30/01/2026;;RUO-6I97;DIESEL S10;300;5,89;1767
POSTO PORTAL DE SUAPE LTDA;Tanques Suape - PE;30/01/2026;;RRE-7I66;DIESEL S10;177,34;5,89;1044,53
POSTO PORTAL DE SUAPE LTDA;Tanques Suape - PE;30/01/2026;;RRE-7I66;ARLA 32 GRANEL;16,002;3,99;63,85
POSTO PORTAL DE SUAPE LTDA;Tanques Suape - PE;30/01/2026;;SKP-8J29;DIESEL S10;70,071;6,09;426,73
AUTO POSTO ASA DELTA LTDA;Transpetro Sao Sebastiao;30/01/2026;;TXH2E19;GASOLINA COMUM;16,86;6,49;109,42
AUTO POSTO ASA DELTA LTDA;Transpetro Sao Sebastiao;30/01/2026;;FPW8G23;OLEO DIESEL B S-10 ;374,061;6,49;2427,66
AUTO POSTO ASA DELTA LTDA;Transpetro Sao Sebastiao;30/01/2026;;FPW8G23;ARLA 32 - 20 LITROS;3;180;540
AUTO POSTO ASA DELTA LTDA;Parada UTGCA 2026;30/01/2026;;TEJ1I33;GASOLINA COMUM;23,27;6,49;151,02
AUTO POSTO DO TRABALHO PILAR LTDA;Parada Reduc;30/01/2026;20:22:00;SKP-8E19;OLEO DIESEL S10;75,351;61,4;462,65
AUTO POSTO DO TRABALHO PILAR LTDA;Parada Reduc;30/01/2026;19:23:00;TEV-5H75;GASOLINA ADITIVADA;26,42;62;163,8
AUTO POSTO DO TRABALHO PILAR LTDA;Parada Reduc;30/01/2026;18:48:00;TEH-0H96;ETANOL COMUM;20,371;48,9;99,61
AUTO POSTO ASA DELTA LTDA;Transpetro Sao Sebastiao;31/01/2026;;;GASOLINA COMUM;5;6,49;32,45
AUTO POSTO ASA DELTA LTDA;Transpetro Sao Sebastiao;31/01/2026;;;IPIRANGA 2T 500 ML;1;28;28
AUTO POSTO ASA DELTA LTDA;Parada UTGCA 2026;31/01/2026;;;OLEO DIESEL B S10 - ADITIVADO;50;6,49;324,5
AUTO POSTO ASA DELTA LTDA;Parada UTGCA 2026;31/01/2026;;;OLEO DIESEL B S10 - ADITIVADO;150;6,49;973,5
AUTO POSTO DO TRABALHO PILAR LTDA;Parada Reduc;31/01/2026;10:02:00;SUN-2F81;ETANOL COMUM;49,99;48,9;244,45
AUTO POSTO DO TRABALHO PILAR LTDA;Parada Reduc;31/01/2026;10:10:00;TJV-9B32;ETANOL COMUM;44,471;48,9;217,46
POSTO DE GASOLINA AMIGAO ITABORAI LTDA;Limpeza Gaslub;31/01/2026;08:52:04;RVI6H54;GASOLINA COMUM;45,36;6,19;280,78
AUTO POSTO ASA DELTA LTDA;Transpetro Sao Sebastiao;01/02/2026;;SJL6D86;GASOLINA COMUM;36,871;6,49;239,29
POSTO DOS CAVALEIROS LTDA;Plataformas;02/02/2026;15:53:37;RMY5G19;GASOLINA COMUM;386,3;6,75;260,75
POSTO DOS CAVALEIROS LTDA;Plataformas;02/02/2026;11:20:51;RMM5C81;GASOLINA COMUM;438,8;6,75;296,19
POSTO DOS CAVALEIROS LTDA;Plataformas;02/02/2026;17:13:47;QXV3A78;FLUIDO FREIO LUBRAX DOT 4 500ML;10;59,99;59,99
POSTO DOS CAVALEIROS LTDA;Plataformas;02/02/2026;17:13:47;QXV3A78;FILTRO DE OLEO PSL 55;10;40;40
POSTO DOS CAVALEIROS LTDA;Plataformas;02/02/2026;17:13:47;QXV3A78;LUBRAX TOP AUTO 5W30 C2/C3 1L;10;61,99;61,99
POSTO DOS CAVALEIROS LTDA;Plataformas;02/02/2026;17:13:47;QXV3A78;LUBRAX TOP AUTO 5W30 C2/C3 1L;10;61,99;61,99
POSTO DOS CAVALEIROS LTDA;Plataformas;02/02/2026;17:13:47;QXV3A78;LUBRAX TOP AUTO 5W30 C2/C3 1L;10;61,99;61,99
AUTO POSTO VARADOURO LTDA;Transpetro Sao Sebastiao;02/02/2026;;TXH2E19;Gasolina Comum;36,28;6,34;230,01
POSTO PORTAL DE SUAPE LTDA;Tanques Suape - PE;02/02/2026;;RUO-6I97;GASOLINA COMUM;35,17;6,57;231,07
POSTO PORTAL DE SUAPE LTDA;Tanques Suape - PE;02/02/2026;;RUO-6I97;GASOLINA COMUM;43,56;6,57;286,19
AUTO POSTO ASA DELTA LTDA;Parada UTGCA 2026;02/02/2026;;TEP5A99;GASOLINA COMUM;41,711;6,49;270,7
AUTO POSTO ASA DELTA LTDA;Parada UTGCA 2026;02/02/2026;;TXY2C80;ETANOL ;35,9;4,89;175,55
AUTO POSTO ASA DELTA LTDA;Parada UTGCA 2026;02/02/2026;;TES4I65;GASOLINA COMUM;41,35;6,49;268,36
POSTO DE GASOLINA AMIGAO ITABORAI LTDA;Limpeza Gaslub;02/02/2026;18:40:22;SKP8D07;DIESEL S10 COMUM;81,79;6,09;498,1
POSTO DE GASOLINA AMIGAO ITABORAI LTDA;Limpeza Gaslub;02/02/2026;17:48:04;SKO4B46;GASOLINA COMUM;42,501;6,19;263,08
POSTO DE GASOLINA AMIGAO ITABORAI LTDA;Limpeza Gaslub;02/02/2026;14:02:02;RVA2F74;GASOLINA COMUM;38,73;6,19;239,74
AUTO POSTO VARADOURO LTDA;Transpetro Sao Sebastiao;03/02/2026;;SKP6B48;Die/Biodiesel Comum S-10;71,451;6,46;461,57
POSTO PORTAL DE SUAPE LTDA;Tanques Suape - PE;03/02/2026;;TXO-8H06;GASOLINA COMUM;36,389;6,47;235,44
AUTO POSTO ASA DELTA LTDA;Transpetro Sao Sebastiao;03/02/2026;;SKP0G57;OLEO DIESEL B S-10 ;219,74;6,49;1426,11
AUTO POSTO ASA DELTA LTDA;Transpetro Sao Sebastiao;03/02/2026;;SKP0G57;ARLA 32 - 20 LITROS;1;180;180
AUTO POSTO DO TRABALHO PILAR LTDA;Parada Reduc;03/02/2026;09:49:00;RIO-3G87;OLEO DIESEL S10;272,8;61,4;1674,99
AUTO POSTO DO TRABALHO PILAR LTDA;Parada Reduc;03/02/2026;11:03:00;SKP-9H95;OLEO DIESEL S10;407,191;61,4;2500,15
AUTO POSTO DO TRABALHO PILAR LTDA;Parada Reduc;03/02/2026;12:03:00;SUN-2F81;ETANOL COMUM;51,651;48,9;252,57
AUTO POSTO DO TRABALHO PILAR LTDA;Parada Reduc;03/02/2026;12:07:00;TJV-9B32;ETANOL COMUM;49,841;48,9;243,72
AUTO POSTO DO TRABALHO PILAR LTDA;Parada Reduc;03/02/2026;14:35:00;KRT-2B86;OLEO DIESEL S10;256,86;61,4;1577,12
AUTO POSTO DO TRABALHO PILAR LTDA;Parada Reduc;03/02/2026;17:57:00;TEH-0H96;ETANOL COMUM;43,851;48,9;214,43
AUTO POSTO DO TRABALHO PILAR LTDA;Parada Reduc;03/02/2026;19:15:00;TEV-5H75;GASOLINA COMUM;39,34;61;239,97
POSTO DE GASOLINA AMIGAO ITABORAI LTDA;Limpeza Gaslub;03/02/2026;18:41:30;RVI6H54;GASOLINA COMUM;38,401;6,19;237,7
POSTO PORTAL DE SUAPE LTDA;Tanques Suape - PE;04/02/2026;;RUO-6I97;DIESEL S10;400;5,89;2356
POSTO PORTAL DE SUAPE LTDA;Tanques Suape - PE;04/02/2026;;RUO-6I97;GASOLINA COMUM;37,961;6,57;249,4
AUTO POSTO ASA DELTA LTDA;Transpetro Sao Sebastiao;04/02/2026;;TXI5C48;ETANOL ;21,16;4,89;103,47
AUTO POSTO ASA DELTA LTDA;Parada UTGCA 2026;04/02/2026;;TEJ1I33;GASOLINA COMUM;45,33;6,49;294,19
AUTO POSTO ASA DELTA LTDA;Parada UTGCA 2026;04/02/2026;;TES4I65;GASOLINA COMUM;39,891;6,49;258,89
ZANIN E VIEIRA LTDA;Manutençao Tres Lagoas;04/02/2026;15:13:37;;GASOLINA COMUM;286,7;6,39;1832,01
AUTO POSTO DO TRABALHO PILAR LTDA;Parada Reduc;04/02/2026;12:03:00;SKP-8E19;OLEO DIESEL S10;67,121;61,4;412,12
POSTO DE GASOLINA AMIGAO ITABORAI LTDA;Limpeza Gaslub;04/02/2026;17:48:32;SKO4B46;GASOLINA COMUM;41,919;6,19;259,48
POSTO PORTAL DE SUAPE LTDA;Tanques Suape - PE;05/02/2026;;SKP-8J29;DIESEL S10;69,9;6,09;425,69
AUTO POSTO ASA DELTA LTDA;Transpetro Sao Sebastiao;05/02/2026;;RRE7I66;OLEO DIESEL B S-10 ;231,13;6,49;1500,03
AUTO POSTO ASA DELTA LTDA;Transpetro Sao Sebastiao;05/02/2026;;RRE7I66;ARLA 32 - 20 LITROS;2;180;360
AUTO POSTO DO TRABALHO PILAR LTDA;Parada Reduc;05/02/2026;19:07:00;TEV-5H75;GASOLINA COMUM;25,02;61;152,62
POSTO DOS CAVALEIROS LTDA;Plataformas;06/02/2026;07:42:00;PYP7J78;GASOLINA COMUM;296,3;6,75;200
POSTO DOS CAVALEIROS LTDA;Plataformas;06/02/2026;13:46:50;RMY5G19;GASOLINA COMUM;336,3;6,75;227
POSTO DOS CAVALEIROS LTDA;Plataformas;06/02/2026;22:25:16;LMX2F82;DIESEL S-10 ADITIVADO;394,01;6,99;275,41
POSTO PORTAL DE SUAPE LTDA;Tanques Suape - PE;06/02/2026;;RUO-6I97;ETANOL HIDRATADO GRID;38,661;4,95;191,37
POSTO PORTAL DE SUAPE LTDA;Tanques Suape - PE;06/02/2026;;TXO-8H06;ETANOL HIDRATADO GRID;42,539;4,95;210,57
AUTO POSTO ASA DELTA LTDA;Transpetro Sao Sebastiao;06/02/2026;;SJL6D86;GASOLINA COMUM;39,691;6,49;257,59
AUTO POSTO ASA DELTA LTDA;Parada UTGCA 2026;06/02/2026;;TES4I65;GASOLINA COMUM;40,17;6,49;260,7
AUTO POSTO ASA DELTA LTDA;Parada UTGCA 2026;06/02/2026;;EEB5D61;OLEO DIESEL B S-10 ;63,94;6,49;414,97
AUTO POSTO DO TRABALHO JACAREPAGUA LTDA;Parada Reduc;06/02/2026;09:10:00;UGF-0H49;ETANOL COMUM;34,09;48,9;166,7
AUTO POSTO DO TRABALHO PILAR LTDA;Parada Reduc;06/02/2026;08:58:00;TEH-0H96;GASOLINA COMUM;37,12;61;226,43
AUTO POSTO DO TRABALHO PILAR LTDA;Parada Reduc;06/02/2026;18:14:00;TJV-9B32;ETANOL COMUM;47,502;48,9;232,28
POSTO DE GASOLINA AMIGAO ITABORAI LTDA;Limpeza Gaslub;06/02/2026;20:04:57;RRD4F27;GASOLINA COMUM;35,25;6,19;218,2
POSTO DE GASOLINA AMIGAO ITABORAI LTDA;Limpeza Gaslub;06/02/2026;14:43:55;RVA2F74;GASOLINA COMUM;39,88;6,19;246,86
AUTO POSTO ASA DELTA LTDA;Transpetro Sao Sebastiao;07/02/2026;;TXH2E19;GASOLINA COMUM;19,671;6,49;127,66
AUTO POSTO ASA DELTA LTDA;Transpetro Sao Sebastiao;07/02/2026;;SKP0C57;OLEO DIESEL B S-10 ;228,45;6,49;1482,64
AUTO POSTO ASA DELTA LTDA;Transpetro Sao Sebastiao;07/02/2026;;SKP6B48;OLEO DIESEL B S-10 ;70,281;6,49;456,12
AUTO POSTO ASA DELTA LTDA;Transpetro Sao Sebastiao;07/02/2026;;SKP0C57;ARLA 32 - 20 LITROS;1;180;180
AUTO POSTO DO TRABALHO PILAR LTDA;Parada Reduc;07/02/2026;07:54:00;SUN-2F81;ETANOL COMUM;50;48,9;244,5
AUTO POSTO DO TRABALHO PILAR LTDA;Parada Reduc;07/02/2026;09:02:00;TEH-0H96;ETANOL COMUM;40,011;48,9;195,65
POSTO DE GASOLINA AMIGAO ITABORAI LTDA;Limpeza Gaslub;07/02/2026;15:30:23;RVI6H54;GASOLINA COMUM;40,031;6,19;247,79
AUTO POSTO DO TRABALHO PILAR LTDA;Parada Reduc;08/02/2026;06:28:00;UGF-0H49;GASOLINA COMUM;31;61;189,1
AUTO POSTO DO TRABALHO PILAR LTDA;Parada Reduc;08/02/2026;06:28:00;UGF-0H49;ETANOL COMUM;16,761;48,9;81,96
POSTO PORTAL DE SUAPE LTDA;Tanques Suape - PE;09/02/2026;;RUO-6I97;DIESEL S10;450;5,89;2650,5
AUTO POSTO ASA DELTA LTDA;Transpetro Sao Sebastiao;09/02/2026;;RKI6D05;OLEO DIESEL B S-10 ;227,74;6,49;1478,03
AUTO POSTO DO TRABALHO PILAR LTDA;Parada Reduc;09/02/2026;12:04:00;SKP-8E19;OLEO DIESEL S10;68,51;61,4;420,65
AUTO POSTO DO TRABALHO PILAR LTDA;Parada Reduc;09/02/2026;14:43:00;KRT-2B86;OLEO DIESEL S10;235,52;61,4;1446,09
POSTO DE GASOLINA AMIGAO ITABORAI LTDA;Limpeza Gaslub;09/02/2026;06:43:50;SKO4B46;GASOLINA COMUM;42,16;6,19;260,97
POSTO DE GASOLINA AMIGAO ITABORAI LTDA;Limpeza Gaslub;09/02/2026;16:05:55;TTF6C50;DIESEL S10 COMUM;179,3;6,09;1091,94
POSTO PORTAL DE SUAPE LTDA;Tanques Suape - PE;10/02/2026;;RUO-6I97;GASOLINA COMUM;41,65;6,57;273,64
POSTO PORTAL DE SUAPE LTDA;Tanques Suape - PE;10/02/2026;;TXO-8H06;GASOLINA COMUM;40,34;6,57;265,03
AUTO POSTO ASA DELTA LTDA;Transpetro Sao Sebastiao;10/02/2026;;TXH2E19;GASOLINA COMUM;36,03;6,49;233,83
AUTO POSTO ASA DELTA LTDA;Parada UTGCA 2026;10/02/2026;;TES4I65;GASOLINA COMUM;35,74;6,49;231,95
AUTO POSTO ASA DELTA LTDA;Parada UTGCA 2026;10/02/2026;;TEJ1I33;GASOLINA COMUM;45,09;6,49;292,63
AUTO POSTO DO TRABALHO PILAR LTDA;Parada Reduc;10/02/2026;18:16:00;TEV-5H75;ETANOL COMUM;41,71;48,9;203,96
POSTO DE GASOLINA AMIGAO ITABORAI LTDA;Limpeza Gaslub;10/02/2026;14:10:32;RVA2F74;GASOLINA COMUM;35,2;6,19;217,89
POSTO DE GASOLINA AMIGAO ITABORAI LTDA;Limpeza Gaslub;10/02/2026;14:57:14;RRD4F27;GASOLINA COMUM;83,09;6,19;514,33
POSTO DE GASOLINA AMIGAO ITABORAI LTDA;Limpeza Gaslub;10/02/2026;14:56:24;RRD4F27;GASOLINA COMUM;40;6,19;247,6
POSTO PORTAL DE SUAPE LTDA;Tanques Suape - PE;11/02/2026;;RUO-6I97;DIESEL S10;450;5,89;2650,5
AUTO POSTO DO TRABALHO PILAR LTDA;Parada Reduc;11/02/2026;15:03:00;SUN-2F81;ETANOL COMUM;48,54;48,9;237,36
AUTO POSTO DO TRABALHO PILAR LTDA;Parada Reduc;11/02/2026;19:57:00;TJV-9B32;ETANOL COMUM;42,18;48,9;206,26
POSTO DE GASOLINA AMIGAO ITABORAI LTDA;Limpeza Gaslub;11/02/2026;09:52:27;SKP8D07;UNIX 2T 500 ML;15;20,9;313,5
POSTO DE GASOLINA AMIGAO ITABORAI LTDA;Limpeza Gaslub;11/02/2026;09:41:04;SKP8D07;DIESEL S10 COMUM;61,86;6,09;376,73
POSTO DE GASOLINA AMIGAO ITABORAI LTDA;Limpeza Gaslub;11/02/2026;06:49:08;SKO4B46;GASOLINA COMUM;34,48;6,19;213,43
AUTO POSTO ASA DELTA LTDA;Parada UTGCA 2026;12/02/2026;;TES4I65;GASOLINA COMUM;39,6;6,49;257
AUTO POSTO ASA DELTA LTDA;Parada UTGCA 2026;12/02/2026;;SVH2F13;GASOLINA COMUM;47,96;6,49;311,26
AUTO POSTO ASA DELTA LTDA;Parada UTGCA 2026;12/02/2026;;TEP5A99;GASOLINA COMUM;41;6,49;266,09
AUTO POSTO DO TRABALHO PILAR LTDA;Parada Reduc;12/02/2026;09:12:00;TEH-0H96;ETANOL COMUM;42,651;48,9;208,56
AUTO POSTO DO TRABALHO PILAR LTDA;Parada Reduc;12/02/2026;19:42:00;TEV-5H75;GASOLINA ADITIVADA;33,51;62;207,76
POSTO DOS CAVALEIROS LTDA;Plataformas;13/02/2026;16:29:58;LMX2F82;DIESEL S-10 ADITIVADO;418,4;6,99;292,46
POSTO DOS CAVALEIROS LTDA;Plataformas;13/02/2026;11:12:39;RMY5G19;GASOLINA COMUM;364,51;6,75;246,04
AUTO POSTO NOVA AMIZADE DE PAULINIA LTDA;Parada Replan;13/02/2026;;OEF-0H49;ETANOL COMUM;30,955;4,29;132,79
AUTO POSTO VARADOURO LTDA;Transpetro Sao Sebastiao;13/02/2026;;QMJ8C91;Die/Biodiesel Comum S-10;221,822;6,46;1432,97
AUTO POSTO VARADOURO LTDA;Transpetro Sao Sebastiao;13/02/2026;;TYG1G96;Gasolina Comum;20,671;6,34;131,05
POSTO PORTAL DE SUAPE LTDA;Tanques Suape - PE;13/02/2026;;RUO-6I97;GASOLINA COMUM;37,42;6,67;249,59
POSTO PORTAL DE SUAPE LTDA;Tanques Suape - PE;13/02/2026;;TXO-8H06;GASOLINA COMUM;42,891;6,67;286,08
AUTO POSTO ASA DELTA LTDA;Transpetro Sao Sebastiao;13/02/2026;;SJL6D86;GASOLINA COMUM;33,461;6,49;217,16
AUTO POSTO ASA DELTA LTDA;Parada UTGCA 2026;13/02/2026;;EEB5D61;OLEO DIESEL B S-10 ;66,261;6,49;430,03
POSTO DE GASOLINA AMIGAO ITABORAI LTDA;Limpeza Gaslub;13/02/2026;10:34:54;RRD4F27;GASOLINA SHELL V-POWER;30,369;6,39;194,06
POSTO DE GASOLINA AMIGAO ITABORAI LTDA;Limpeza Gaslub;13/02/2026;10:36:19;RRD4F27;DIESEL S10 COMUM;67,621;6,09;411,81
AUTO POSTO DO TRABALHO PILAR LTDA;Parada Reduc;14/02/2026;08:33:00;SKP-8E19;OLEO DIESEL S10;73,22;61,4;449,57
AUTO POSTO DO TRABALHO PILAR LTDA;Parada Reduc;14/02/2026;20:57:00;SUN-2F81;ETANOL COMUM;49,15;48,9;240,34
POSTO DE GASOLINA AMIGAO ITABORAI LTDA;Limpeza Gaslub;14/02/2026;14:20:13;RVA2F74;GASOLINA COMUM;41,68;6,19;258
POSTO DE GASOLINA AMIGAO ITABORAI LTDA;Limpeza Gaslub;14/02/2026;06:45:35;SKO4B46;GASOLINA COMUM;37,94;6,19;234,85
AUTO POSTO ASA DELTA LTDA;Transpetro Sao Sebastiao;15/02/2026;;TYG1G96;GASOLINA COMUM;40,851;6,49;265,12
AUTO POSTO DO TRABALHO PILAR LTDA;Parada Reduc;15/02/2026;08:06:00;KRT-2B86;OLEO DIESEL S10;239,88;61,4;1472,86
AUTO POSTO DO TRABALHO PILAR LTDA;Parada Reduc;16/02/2026;12:17:00;SUN-2F81;ETANOL COMUM;51,761;48,9;253,11
AUTO POSTO DO TRABALHO PILAR LTDA;Parada Reduc;16/02/2026;13:41:00;SUN-2F81;ETANOL COMUM;52;48,9;254,28
AUTO POSTO DO TRABALHO PILAR LTDA;Parada Reduc;16/02/2026;15:13:00;TEV-5H75;GASOLINA COMUM;42,071;61;256,63
AUTO POSTO ASA DELTA LTDA;Transpetro Sao Sebastiao;17/02/2026;;TYG1G96;GASOLINA COMUM;37,45;6,49;243,05
AUTO POSTO DO TRABALHO PILAR LTDA;Parada Reduc;17/02/2026;09:12:00;TEH-0H96;ETANOL COMUM;43,391;48,9;212,18
AUTO POSTO DO TRABALHO PILAR LTDA;Parada Reduc;17/02/2026;19:50:00;TJV-9B32;ETANOL COMUM;42,98;48,9;210,17
POSTO DOS CAVALEIROS LTDA;Plataformas;18/02/2026;17:41:45;RMY5G19;GASOLINA COMUM;283,9;6,75;191,63
AUTO POSTO VARADOURO LTDA;Transpetro Sao Sebastiao;18/02/2026;;RRE7I66;Diesel-S10;278,64;6,46;1800
AUTO POSTO ASA DELTA LTDA;Transpetro Sao Sebastiao;18/02/2026;;TXH2E19;GASOLINA COMUM;38,53;6,49;250,07
ZANIN E VIEIRA LTDA;Manutençao Tres Lagoas;18/02/2026;16:32:53;;GASOLINA COMUM;197,081;6,39;1259,35
AUTO POSTO DO TRABALHO PILAR LTDA;Parada Reduc;18/02/2026;13:22:00;SUN-2F81;ETANOL COMUM;48,499;48,9;237,16
POSTO DE GASOLINA AMIGAO ITABORAI LTDA;Limpeza Gaslub;18/02/2026;14:20:27;RVA2F74;GASOLINA COMUM;32,17;6,19;199,13
POSTO DE GASOLINA AMIGAO ITABORAI LTDA;Limpeza Gaslub;18/02/2026;06:36:26;SKO4B46;GASOLINA COMUM;37,081;6,19;229,53
POSTO DE GASOLINA AMIGAO ITABORAI LTDA;Limpeza Gaslub;18/02/2026;14:41:15;RRD4F27;GASOLINA COMUM;40,549;6,19;251
AUTO POSTO VARADOURO LTDA;Transpetro Sao Sebastiao;19/02/2026;;TYG1G96;Gasolina Comum;32,63;6,34;206,86
AUTO POSTO VARADOURO LTDA;Transpetro Sao Sebastiao;19/02/2026;;SJL6D86;Gasolina Comum;45,41;6,34;287,87
POSTO PORTAL DE SUAPE LTDA;Tanques Suape - PE;19/02/2026;;RUO-6I97;GASOLINA COMUM;37,16;6,67;247,86
AUTO POSTO ASA DELTA LTDA;Transpetro Sao Sebastiao;19/02/2026;;FPW8G23;DIESEL S-10;432,21;6,49;2805,04
AUTO POSTO ASA DELTA LTDA;Transpetro Sao Sebastiao;19/02/2026;;SKP6B48;DIESEL S-10;81;6,49;525,69
AUTO POSTO DO TRABALHO PILAR LTDA;Parada Reduc;19/02/2026;14:42:00;SKP-8E19;OLEO DIESEL S10;80,611;61,4;494,95
AUTO POSTO DO TRABALHO PILAR LTDA;Parada Reduc;19/02/2026;18:30:00;UGF-0H49;ETANOL COMUM;35,26;48,9;172,42
POSTO DE GASOLINA AMIGAO ITABORAI LTDA;Limpeza Gaslub;19/02/2026;17:54:11;RVI6H54;GASOLINA COMUM;42,599;6,19;263,69
POSTO DOS CAVALEIROS LTDA;Plataformas;20/02/2026;17:01:24;RTA9I11;GASOLINA ADITIVADA;63,48;7,09;45
POSTO DOS CAVALEIROS LTDA;Plataformas;20/02/2026;17:17:05;RMM5C81;GASOLINA COMUM;413,71;6,75;279,25
POSTO DOS CAVALEIROS LTDA;Plataformas;20/02/2026;16:33:52;RMY5G19;GASOLINA COMUM;136,7;6,75;92,27
POSTO DOS CAVALEIROS LTDA;Plataformas;20/02/2026;15:04:47;LMX2F81;DIESEL S-10 ADITIVADO;504,11;6,99;352,37
POSTO PORTAL DE SUAPE LTDA;Tanques Suape - PE;20/02/2026;;TXO-8H06;GASOLINA COMUM;37,65;6,57;247,36
AUTO POSTO ASA DELTA LTDA;Transpetro Sao Sebastiao;20/02/2026;;TXH2E19;GASOLINA COMUM;25,27;6,49;164
AUTO POSTO ASA DELTA LTDA;Parada UTGCA 2026;20/02/2026;;TEJ1I33;GASOLINA COMUM;45,46;6,49;295,04
AUTO POSTO DO TRABALHO PILAR LTDA;Parada Reduc;20/02/2026;10:09:00;TJV-9B32;ETANOL COMUM;28,6;48,9;139,85
AUTO POSTO DO TRABALHO PILAR LTDA;Parada Reduc;20/02/2026;18:55:00;TEV-5H75;GASOLINA COMUM;39,85;61;243,08
POSTO DE GASOLINA AMIGAO ITABORAI LTDA;Limpeza Gaslub;20/02/2026;16:50:43;SKO4B46;GASOLINA COMUM;41,019;6,19;253,91
AUTO POSTO ASA DELTA LTDA;Transpetro Sao Sebastiao;21/02/2026;;EEB5D61;DIESEL S-10;46,86;6,49;304,12
AUTO POSTO DO TRABALHO PILAR LTDA;Parada Reduc;21/02/2026;08:35:00;SKP-9H95;OLEO DIESEL S10;164,121;61,4;1007,7
AUTO POSTO DO TRABALHO PILAR LTDA;Parada Reduc;21/02/2026;08:35:00;SKP-9H95;OLEO DIESEL S10;150,82;61,4;926,03
AUTO POSTO DO TRABALHO PILAR LTDA;Parada Reduc;21/02/2026;09:45:00;TEH-0H96;ETANOL COMUM;36,62;48,9;179,07
AUTO POSTO DO TRABALHO PILAR LTDA;Parada Reduc;21/02/2026;09:52:00;UGF-0H49;ETANOL COMUM;50,121;48,9;245,09
AUTO POSTO DO TRABALHO JACAREPAGUA LTDA;Parada Reduc;21/02/2026;09:30:00;UGF-0H49;GASOLINA COMUM;13,81;61;84,24
AUTO POSTO DO TRABALHO PILAR LTDA;Parada Reduc;22/02/2026;09:53:00;KRT-2B86;OLEO DIESEL S10;255,01;61,4;1565,76
AUTO POSTO DO TRABALHO PILAR LTDA;Parada Reduc;22/02/2026;14:27:00;RIO-3G87;OLEO DIESEL S10;269,6;61,4;1655,34
POSTO DE GASOLINA AMIGAO ITABORAI LTDA;Limpeza Gaslub;22/02/2026;13:25:07;RVA2F74;GASOLINA COMUM;38,649;6,19;239,24
POSTO DOS CAVALEIROS LTDA;Plataformas;23/02/2026;09:41:37;RMY5G19;GASOLINA COMUM;359,31;6,75;242,53
AUTO POSTO VARADOURO LTDA;Transpetro Sao Sebastiao;23/02/2026;;SJL6D86;Gasolina Comum;39,97;6,34;253,38
AUTO POSTO VARADOURO LTDA;Transpetro Sao Sebastiao;23/02/2026;;TYG1G96;Gasolina Comum;30,91;6,34;196
POSTO PORTAL DE SUAPE LTDA;Tanques Suape - PE;23/02/2026;;SKP-8J29;DIESEL S10;75,43;5,89;444,28
POSTO PORTAL DE SUAPE LTDA;Tanques Suape - PE;23/02/2026;;RUO-6I97;GASOLINA COMUM;37,85;6,67;252,46
POSTO PORTAL DE SUAPE LTDA;Tanques Suape - PE;23/02/2026;;RUO-6I97;DIESEL S10;450;5,89;2650,5
AUTO POSTO ASA DELTA LTDA;Parada UTGCA 2026;23/02/2026;;RKI6D05;DIESEL S-10;228,24;6,49;1481,28
AUTO POSTO ASA DELTA LTDA;Parada UTGCA 2026;23/02/2026;;TYE2H49;GASOLINA COMUM;24,48;6,49;158,88
AUTO POSTO ASA DELTA LTDA;Parada UTGCA 2026;23/02/2026;;EEB5D61;DIESEL S-10;69,34;6,49;450,02
AUTO POSTO DO TRABALHO CHACARA PETROPOLIS LTD;Parada Reduc;23/02/2026;11:27:00;SUN-2F81;ETANOL COMUM;24,481;48,9;119,71
POSTO DE GASOLINA AMIGAO ITABORAI LTDA;Limpeza Gaslub;23/02/2026;18:37:16;SKP8D07;DIESEL S10 COMUM;72,401;6,09;440,92
AUTO POSTO NOVA AMIZADE DE PAULINIA LTDA;Parada Replan;24/02/2026;;UGF-0H49;ETANOL COMUM;31,896;4,39;140,02
AUTO POSTO KAJIYA LTDA;Transpetro Sao Sebastiao;24/02/2026;;TXH2E19;GASOLINA COMUM;39,7;6,39;253,68
AUTO POSTO KAJIYA LTDA;Transpetro Sao Sebastiao;24/02/2026;;JKP0C57;ARLA;1;130;130
AUTO POSTO KAJIYA LTDA;Transpetro Sao Sebastiao;24/02/2026;;JKP0C57;OLEO DIESEL B S10 GRID;408,16;6,49;2648,96
AUTO POSTO ASA DELTA LTDA;Parada UTGCA 2026;24/02/2026;;SVH2F13;GASOLINA COMUM;48,83;6,49;316,91
AUTO POSTO DO TRABALHO PILAR LTDA;Parada Reduc;24/02/2026;07:53:00;TMP-4J41;ETANOL COMUM;43,481;48,9;212,62
AUTO POSTO DO TRABALHO PILAR LTDA;Parada Reduc;24/02/2026;14:22:00;TMP-5F44;ETANOL COMUM;43,011;48,9;210,32
POSTO DE GASOLINA AMIGAO ITABORAI LTDA;Limpeza Gaslub;24/02/2026;15:06:00;TTF6C50;DIESEL S10 COMUM;114,32;6,09;696,21
POSTO DE GASOLINA AMIGAO ITABORAI LTDA;Limpeza Gaslub;24/02/2026;11:19:52;RRD4F27;GASOLINA COMUM;44,06;6,19;272,73
POSTO DE GASOLINA AMIGAO ITABORAI LTDA;Limpeza Gaslub;24/02/2026;15:05:08;TTF6C50;ARLA GRANEL;7,309;3,49;25,51
AUTO POSTO KAJIYA LTDA;Transpetro Sao Sebastiao;25/02/2026;;LSO9I61;OLEO DIESEL B S10 GRID;65,32;6,49;423,93
AUTO POSTO KAJIYA LTDA;Transpetro Sao Sebastiao;25/02/2026;;SJL6D86;GASOLINA COMUM;33,99;6,39;217,2
AUTO POSTO KAJIYA LTDA;Transpetro Sao Sebastiao;25/02/2026;;TYG1G96;ETANOL COMUM;37,83;4,99;188,77
AUTO POSTO ASA DELTA LTDA;Parada UTGCA 2026;25/02/2026;;TEJ1I33;GASOLINA COMUM;45,37;6,49;294,45
AUTO POSTO DO TRABALHO PILAR LTDA;Parada Reduc;25/02/2026;07:47:00;SKP-8E19;OLEO DIESEL S10;75,341;61,4;462,59
AUTO POSTO DO TRABALHO PILAR LTDA;Parada Reduc;25/02/2026;17:38:00;TEV-5H75;GASOLINA ADITIVADA;35,491;62;220,04
AUTO POSTO DO TRABALHO PILAR LTDA;Parada Reduc;25/02/2026;19:08:00;TEH-0H96;ETANOL COMUM;43,741;48,9;213,89
POSTO DE GASOLINA AMIGAO ITABORAI LTDA;Limpeza Gaslub;25/02/2026;06:50:28;SKO4B46;GASOLINA COMUM;38,99;6,19;241,35
POSTO DE GASOLINA AMIGAO ITABORAI LTDA;Limpeza Gaslub;25/02/2026;19:25:31;RVI6H54;GASOLINA COMUM;40,561;6,19;251,07
AUTO POSTO KAJIYA LTDA;Transpetro Sao Sebastiao;26/02/2026;;SKP6B48;OLEO DIESEL B S10 GRID;72,81;6,49;472,52
AUTO POSTO KAJIYA LTDA;Transpetro Sao Sebastiao;26/02/2026;;SJL6D86;GASOLINA COMUM;16,21;6,39;103,58
AUTO POSTO KAJIYA LTDA;Transpetro Sao Sebastiao;26/02/2026;;TXH2E19;GASOLINA COMUM;32,02;6,39;204,63
POSTO PORTAL DE SUAPE LTDA;Tanques Suape - PE;26/02/2026;;SKP-8J29;ARLA 32 GRANEL;4,781;3,99;19,08
POSTO PORTAL DE SUAPE LTDA;Tanques Suape - PE;26/02/2026;;SKP-8J29;DIESEL S10;20,239;5,89;119,21
POSTO PORTAL DE SUAPE LTDA;Tanques Suape - PE;26/02/2026;;TZO-8H06;GASOLINA COMUM;47,02;6,64;312,21
AUTO POSTO ASA DELTA LTDA;Parada UTGCA 2026;26/02/2026;;TYE2H49;ETANOL ;37,28;4,89;182,3
AUTO POSTO ASA DELTA LTDA;Parada UTGCA 2026;26/02/2026;;TEP5A99;GASOLINA COMUM;45,38;6,49;294,52
POSTO DOS CAVALEIROS LTDA;Plataformas;27/02/2026;10:04:14;LMX2F82;DIESEL S-10 ADITIVADO;503,91;6,99;352,23
AUTO POSTO NOVA AMIZADE DE PAULINIA LTDA;Parada Replan;27/02/2026;;UGF-0H49;ETANOL COMUM;25,697;4,39;112,8
AUTO POSTO KAJIYA LTDA;Transpetro Sao Sebastiao;27/02/2026;;SJL6D86;GASOLINA COMUM;40,44;6,39;258,41
AUTO POSTO KAJIYA LTDA;Transpetro Sao Sebastiao;27/02/2026;;TYG1G96;GASOLINA COMUM;32,57;6,39;208,09
AUTO POSTO KAJIYA LTDA;Transpetro Sao Sebastiao;27/02/2026;;TXH2E19;GASOLINA COMUM;30,34;6,39;193,87
POSTO PORTAL DE SUAPE LTDA;Tanques Suape - PE;27/02/2026;;RUO-6I97;GASOLINA COMUM;39,56;6,64;262,68
AUTO POSTO ASA DELTA LTDA;Parada UTGCA 2026;27/02/2026;;EEB5D61;DIESEL S-10;64,28;6,49;417,18
AUTO POSTO DO TRABALHO PILAR LTDA;Parada Reduc;27/02/2026;10:19:00;TMP-4J41;ETANOL COMUM;42,041;48,9;205,58
POSTO DE GASOLINA AMIGAO ITABORAI LTDA;Limpeza Gaslub;27/02/2026;16:51:02;SKO4B46;GASOLINA COMUM;39,451;6,19;244,2
POSTO DE GASOLINA AMIGAO ITABORAI LTDA;Limpeza Gaslub;27/02/2026;08:20:47;RVA2E74;GASOLINA COMUM;42,01;6,19;260,04
POSTO PORTAL DE SUAPE LTDA;Tanques Suape - PE;28/02/2026;;RUO-6I97;DIESEL S10;431,01;5,89;2538,65
AUTO POSTO DO TRABALHO PILAR LTDA;Parada Reduc;28/02/2026;14:13:00;TMP-4J41;ETANOL COMUM;49,63;48,9;242,69
AUTO POSTO DO TRABALHO PILAR LTDA;Parada Reduc;28/02/2026;16:30:00;TEV-5H75;GASOLINA ADITIVADA;31,52;62;195,42
AUTO POSTO DO TRABALHO PILAR LTDA;Parada Reduc;28/02/2026;20:11:00;TEH-0H96;ETANOL COMUM;44,291;48,9;216,58
AUTO POSTO DO TRABALHO PILAR LTDA;Parada Reduc;01/03/2026;08:06:00;KRT-2B86;OLEO DIESEL S10;276,111;61,4;1695,32
AUTO POSTO NOVA AMIZADE DE PAULINIA LTDA;Parada Replan;02/03/2026;;UGF-0H49;ETANOL COMUM;26,637;4,39;116,93
AUTO POSTO ASA DELTA LTDA;Parada UTGCA 2026;02/03/2026;;TDG7H47;GASOLINA COMUM;27,74;6,49;180,03
AUTO POSTO ASA DELTA LTDA;Parada UTGCA 2026;02/03/2026;;SVH2F13;GASOLINA COMUM;46,66;6,49;302,82
AUTO POSTO ASA DELTA LTDA;Transpetro Sao Sebastiao;02/03/2026;;RRE7I66;DIESEL S-10;223,42;6,49;1450
AUTO POSTO ASA DELTA LTDA;Transpetro Sao Sebastiao;02/03/2026;;TYG1G96;GASOLINA COMUM;28,28;6,49;183,54
AUTO POSTO DO TRABALHO PILAR LTDA;Parada Reduc;02/03/2026;08:06:00;TMP-4J41;ETANOL COMUM;53,26;48,9;260,44
AUTO POSTO DO TRABALHO PILAR LTDA;Parada Reduc;02/03/2026;15:02:00;SKP-8E19;OLEO DIESEL S10;73,191;61,4;449,39
AUTO POSTO DO TRABALHO PILAR LTDA;Parada Reduc;02/03/2026;19:21:00;TMP-5F44;ETANOL COMUM;43,88;48,9;214,57
POSTO DE GASOLINA AMIGAO ITABORAI LTDA;Limpeza Gaslub;02/03/2026;10:50:22;RRD4F27;GASOLINA COMUM;38,36;6,19;237,45
POSTO DE GASOLINA AMIGAO ITABORAI LTDA;Limpeza Gaslub;02/03/2026;10:49:46;RRD4F27;GASOLINA COMUM;60;6,19;371,4
AUTO POSTO ASA DELTA LTDA;Transpetro Sao Sebastiao;03/03/2026;;FPW8G23;DIESEL S-10;486,51;6,49;3157,46
AUTO POSTO ASA DELTA LTDA;Transpetro Sao Sebastiao;03/03/2026;;GHF8039;GASOLINA COMUM;41,38;6,49;268,56
POSTO DE GASOLINA AMIGAO ITABORAI LTDA;Limpeza Gaslub;03/03/2026;18:12:51;SKP8D07;DIESEL S10 COMUM;66,45;6,09;404,68
POSTO DE GASOLINA AMIGAO ITABORAI LTDA;Limpeza Gaslub;03/03/2026;17:51:55;SKO4B46;GASOLINA COMUM;37,871;6,19;234,42
POSTO DE GASOLINA AMIGAO ITABORAI LTDA;Limpeza Gaslub;03/03/2026;10:25:02;RVA2F74;GASOLINA COMUM;42,01;6,19;260,04
POSTO PORTAL DE SUAPE LTDA;Tanques Suape - PE;04/03/2026;;TXO-8H06;GASOLINA C COMUM;46,181;6,75;311,72
AUTO POSTO ASA DELTA LTDA;Parada UTGCA 2026;04/03/2026;;TDG7H47;ETANOL ;37,75;4,89;184,6
AUTO POSTO ASA DELTA LTDA;Transpetro Sao Sebastiao;04/03/2026;;TXH2E19;GASOLINA COMUM;35,15;6,49;228,12
ZANIN E VIEIRA LTDA;Manutençao Tres Lagoas;04/03/2026;15:18:47;;GASOLINA COMUM;160,07;6,39;1022,85
AUTO POSTO DO TRABALHO PILAR LTDA;Parada Reduc;04/03/2026;10:01:00;TEH-0H96;GASOLINA COMUM;42,311;60,9;257,67
AUTO POSTO DO TRABALHO PILAR LTDA;Parada Reduc;04/03/2026;15:52:00;TEV-5H75;GASOLINA COMUM;36,58;60,9;222,77
POSTO DE GASOLINA AMIGAO ITABORAI LTDA;Limpeza Gaslub;04/03/2026;19:56:22;RVI6H54;GASOLINA COMUM;40,401;6,19;250,08
POSTO DE GASOLINA AMIGAO ITABORAI LTDA;Limpeza Gaslub;04/03/2026;09:44:09;SKO4B46;GALAO DE EMERGENCIA BRANCO 20LT;3;111,9;335,7
POSTO PORTAL DE SUAPE LTDA;Tanques Suape - PE;05/03/2026;;RUO-6I97;GASOLINA C COMUM;35,979;6,75;242,86
AUTO POSTO ASA DELTA LTDA;Parada UTGCA 2026;05/03/2026;;EEB5D61;DIESEL S-10;58,72;6,49;381,09
AUTO POSTO ASA DELTA LTDA;Transpetro Sao Sebastiao;05/03/2026;;SKP6B48;DIESEL S-10;76,86;6,49;498,82
AUTO POSTO ASA DELTA LTDA;Transpetro Sao Sebastiao;05/03/2026;;TYG1G96;GASOLINA COMUM;26,5;6,49;171,99
AUTO POSTO DO TRABALHO PILAR LTDA;Parada Reduc;05/03/2026;08:48:00;TMP-4J41;ETANOL COMUM;39,88;48,9;195,01
AUTO POSTO NOVA AMIZADE DE PAULINIA LTDA;Parada Replan;06/03/2026;;315-;GASOLINA COMUM;37,469;5,99;224,43
AUTO POSTO ASA DELTA LTDA;Parada UTGCA 2026;06/03/2026;;TEJ1I33;GASOLINA COMUM;37,29;6,49;242,01
AUTO POSTO ASA DELTA LTDA;Parada UTGCA 2026;06/03/2026;;TDG7H47;GASOLINA COMUM;40,07;6,49;260,05
AUTO POSTO ASA DELTA LTDA;Transpetro Sao Sebastiao;06/03/2026;;TXH2E19;GASOLINA COMUM;29,68;6,49;192,62
AUTO POSTO DO TRABALHO PILAR LTDA;Parada Reduc;06/03/2026;14:47:00;KRT-2B86;OLEO DIESEL S10;254,901;63,4;1616,07
AUTO POSTO DO TRABALHO PILAR LTDA;Parada Reduc;06/03/2026;16:49:00;SKP-8E19;OLEO DIESEL S10;73,841;63,4;468,15
POSTO DE GASOLINA AMIGAO ITABORAI LTDA;Limpeza Gaslub;06/03/2026;17:12:39;RRD4F27;GASOLINA COMUM;43,191;6,19;267,35
POSTO DE GASOLINA AMIGAO ITABORAI LTDA;Limpeza Gaslub;06/03/2026;06:42:42;SKO4B46;GASOLINA COMUM;38,7;6,19;239,55
AUTO POSTO DO TRABALHO PILAR LTDA;Parada Reduc;07/03/2026;09:48:00;TMP-5F44;ETANOL COMUM;51,131;48,9;250,03
AUTO POSTO DO TRABALHO PILAR LTDA;Parada Reduc;07/03/2026;12:03:00;TEV-5H75;GASOLINA COMUM;24,8;60,9;151,03
AUTO POSTO DO TRABALHO PILAR LTDA;Parada Reduc;07/03/2026;14:30:00;TEH-0H96;ETANOL COMUM;32,301;48,9;157,95
POSTO DE GASOLINA AMIGAO ITABORAI LTDA;Limpeza Gaslub;07/03/2026;15:11:49;RVA2F74;GASOLINA COMUM;38,91;6,19;240,85
AUTO POSTO ASA DELTA LTDA;Transpetro Sao Sebastiao;08/03/2026;;SKP6B48;DIESEL S-10;75,81;6,79;514,76
AUTO POSTO ASA DELTA LTDA;Transpetro Sao Sebastiao;08/03/2026;;LSO9I61;DIESEL S-10;62,51;6,79;424,44
AUTO POSTO ASA DELTA LTDA;Parada UTGCA 2026;09/03/2026;;SVH2F13;GASOLINA COMUM;49,35;6,49;320,28
AUTO POSTO ASA DELTA LTDA;Parada UTGCA 2026;09/03/2026;;TDG7H47;GASOLINA COMUM;36,42;6,49;236,37
AUTO POSTO ASA DELTA LTDA;Transpetro Sao Sebastiao;09/03/2026;;SJL6D86;GASOLINA COMUM;31,94;6,49;207,29
AUTO POSTO ASA DELTA LTDA;Transpetro Sao Sebastiao;09/03/2026;;TMQ4B23;DIESEL S-10;437,46;6,79;2970,35
AUTO POSTO DO TRABALHO PILAR LTDA;Parada Reduc;09/03/2026;14:38:00;TMP-4J41;ETANOL COMUM;45,99;48,9;224,89
POSTO DE GASOLINA AMIGAO ITABORAI LTDA;Limpeza Gaslub;09/03/2026;08:41:31;TTF6C50;DIESEL S10 COMUM;165,89;6,39;1060,04
AUTO POSTO ASA DELTA LTDA;Parada UTGCA 2026;10/03/2026;;RKI6D05;DIESEL S-10;150,76;6,99;1053,81
AUTO POSTO DO TRABALHO PILAR LTDA;Parada Reduc;10/03/2026;08:35:00;TEH-0H96;ETANOL COMUM;33,091;49,9;165,12
POSTO DE GASOLINA AMIGAO ITABORAI LTDA;Limpeza Gaslub;10/03/2026;20:27:14;RVI6H54;GASOLINA COMUM;41,489;6,19;256,82
AUTO POSTO ASA DELTA LTDA;Parada UTGCA 2026;11/03/2026;;TDG7H47;GASOLINA COMUM;33,88;6,59;223,28
AUTO POSTO ASA DELTA LTDA;Parada UTGCA 2026;11/03/2026;;TEP5A99;GASOLINA COMUM;42,99;6,59;283,3
AUTO POSTO ASA DELTA LTDA;Transpetro Sao Sebastiao;11/03/2026;;FPW8G23;DIESEL S-10;326,2;6,99;2280,14
AUTO POSTO ASA DELTA LTDA;Transpetro Sao Sebastiao;11/03/2026;;FPW8G23;ARLA 32 / PALHETA;;;578
AUTO POSTO DO TRABALHO PILAR LTDA;Parada Reduc;11/03/2026;08:43:00;RIO-3G87;OLEO DIESEL S10;224,22;66,9;1500,03
AUTO POSTO DO TRABALHO PILAR LTDA;Parada Reduc;11/03/2026;11:10:00;TEV-5H75;GASOLINA COMUM;40,98;62,9;257,76
AUTO POSTO DO TRABALHO CHACARA PETROPOLIS LTD;Parada Reduc;11/03/2026;10:29:00;SKP-9H95;OLEO DIESEL S10;340,231;66,9;2276,14
AUTO POSTO DO TRABALHO CHACARA PETROPOLIS LTD;Parada Reduc;11/03/2026;14:42:00;KRT-2B86;OLEO DIESEL S10;219,721;66,9;1469,93
POSTO DE GASOLINA AMIGAO ITABORAI LTDA;Limpeza Gaslub;11/03/2026;17:49:56;SKO4B46;GASOLINA COMUM;41,721;6,19;258,25
POSTO DE GASOLINA AMIGAO ITABORAI LTDA;Limpeza Gaslub;11/03/2026;10:16:46;RRD4F27;GASOLINA COMUM;41,129;6,19;254,59
AUTO POSTO ASA DELTA LTDA;Parada UTGCA 2026;12/03/2026;;EEB5D61;DIESEL S-10;61,2;7,19;440,04
AUTO POSTO DO TRABALHO PILAR LTDA;Parada Reduc;12/03/2026;09:26:00;TEH-0H96;ETANOL COMUM;35,071;49,9;175
AUTO POSTO DO TRABALHO PILAR LTDA;Parada Reduc;12/03/2026;12:20:00;TMP-5F44;ETANOL COMUM;46;49,9;229,54
AUTO POSTO DO TRABALHO PILAR LTDA;Parada Reduc;12/03/2026;17:38:00;UGF-0H49;ETANOL COMUM;28,75;49,9;143,46
AUTO POSTO ASA DELTA LTDA;Parada UTGCA 2026;13/03/2026;;TDG7H47;GASOLINA COMUM;37,95;6,59;250,09
AUTO POSTO DO TRABALHO PILAR LTDA;Parada Reduc;13/03/2026;12:55:00;TMP-4J41;GASOLINA COMUM;47,061;62,9;296,01
POSTO DE GASOLINA AMIGAO ITABORAI LTDA;Limpeza Gaslub;13/03/2026;15:12:24;SKO4B46;GASOLINA COMUM;39,049;6,29;245,62
POSTO DE GASOLINA AMIGAO ITABORAI LTDA;Limpeza Gaslub;13/03/2026;17:14:54;RRD4F27;GASOLINA COMUM;31,35;6,29;197,19
AUTO POSTO ASA DELTA LTDA;Transpetro Sao Sebastiao;14/03/2026;;SJL6D86;GASOLINA COMUM;36,06;6,59;237,64
AUTO POSTO DO TRABALHO PILAR LTDA;Parada Reduc;14/03/2026;19:03:00;TEH-0H96;ETANOL COMUM;35,171;49,9;175,5
POSTO DE GASOLINA AMIGAO ITABORAI LTDA;Limpeza Gaslub;14/03/2026;09:49:22;RVI6H54;GASOLINA COMUM;34;6,29;213,86
AUTO POSTO ASA DELTA LTDA;Transpetro Sao Sebastiao;15/03/2026;;SKP6B48;DIESEL S-10;81,05;7,49;607,06
POSTO DE GASOLINA AMIGAO ITABORAI LTDA;Limpeza Gaslub;16/03/2026;09:42:09;SKP8D07;DIESEL S10 COMUM;73,08;6,59;481,6
506;144461,82;;;;;;;136713,92
